-- phpMyAdmin SQL Dump
-- version 5.1.0
-- https://www.phpmyadmin.net/
--
-- Host: 127.0.0.1
-- Waktu pembuatan: 08 Sep 2024 pada 06.01
-- Versi server: 10.4.18-MariaDB
-- Versi PHP: 7.3.27

SET SQL_MODE = "NO_AUTO_VALUE_ON_ZERO";
START TRANSACTION;
SET time_zone = "+00:00";


/*!40101 SET @OLD_CHARACTER_SET_CLIENT=@@CHARACTER_SET_CLIENT */;
/*!40101 SET @OLD_CHARACTER_SET_RESULTS=@@CHARACTER_SET_RESULTS */;
/*!40101 SET @OLD_COLLATION_CONNECTION=@@COLLATION_CONNECTION */;
/*!40101 SET NAMES utf8mb4 */;

--
-- Database: `stockproduct`
--

-- --------------------------------------------------------

--
-- Struktur dari tabel `customer`
--

CREATE TABLE `customer` (
  `idcustomer` int(11) NOT NULL,
  `namacustomer` varchar(50) NOT NULL,
  `notelphon` varchar(20) NOT NULL,
  `alamat` varchar(25) NOT NULL,
  `status_customer` tinyint(1) DEFAULT 1
) ENGINE=InnoDB DEFAULT CHARSET=utf8mb4;

--
-- Dumping data untuk tabel `customer`
--

INSERT INTO `customer` (`idcustomer`, `namacustomer`, `notelphon`, `alamat`, `status_customer`) VALUES
(14, 'Haidir Azis Nurdin', '082396008301', 'Hative Kecil, Ambon ', 1),
(15, 'Muhammad Putra', '082211165635', 'BTN Kanawa, Ambon', 1),
(16, 'Ilham', '085211165685', 'BTN Kanawa, Ambon', 1),
(17, 'Rina Amelia', '082248303086', 'Kairatu, SBB', 1),
(18, 'Farhan Rahman', '081247348691', 'Galala, Ambon', 1),
(19, 'Andianto', '082330627399', 'Hatu, Ambon', 1),
(20, 'Boby Santoso', '082239077423', 'Batu Gantong, Ambon', 1),
(21, 'Desi Putri', '082199283339', 'Amahusu, Ambon', 1),
(22, 'Eka Pratama ', '0895700265119', 'Gema, SBB', 1),
(23, 'Tari Septiani', '082239195112', 'Galala, Ambon', 1),
(24, 'Johan ', '085214092631', 'Liang, Maluku Tengah', 1),
(25, 'Lilis Yuliana ', '081398101999', 'Sawai, Maluku Tengah', 1),
(26, 'Beni Hendra', '081348134209', 'Laha, Ambon', 1),
(27, 'Rudi Hartono ', '081248566515', 'Seith, Jesirah, Maluku Te', 1),
(28, 'Rina Kusuma ', '08114771000', 'Hitu, Jesirah, Maluku Ten', 1),
(29, 'Nina Farida', '082198594552', 'Wasarisa, SBB', 1),
(30, 'Mayang Sari', '082199457057', 'Gemba, SBB', 1),
(31, 'Dani Saputra', '085230097443', 'Masohi, Maluku Tengah', 1),
(32, 'Rika Puspita', '085243414244', 'Liang, Maluku Tengah', 1),
(33, 'Topik Hidayat', '082199922287', 'Piru, SBB', 1),
(34, 'Fifi Mulyani', '081380339564', 'Stain, Ambon', 1),
(35, 'Ahmad Kurniawan', '08114714999', 'Suli, Maluku Tengah', 1),
(36, 'Junet', '085284182952', 'Laha, Ambon', 1),
(37, 'Daniel', '081354174331', 'Laha, Ambon', 1),
(38, 'Ratna', '082237935788', 'Wahai, Maluku Tengah', 1),
(39, 'Yanto', '089875801449', 'Wahai, Maluku Tengah', 1),
(40, 'Siti Aisyah', '087815930395', 'Tulehu, Maluku Tengah', 1),
(41, 'Imran', '089627721104', 'Hitu, Jesirah, Maluku Ten', 1),
(42, 'Irwan', '085264551744', 'Masohi, Maluku Tengah', 1),
(43, 'Ricky Adrian', '085700539114', 'Masohi, Maluku Tengah', 1),
(44, 'Siti Rahmi', '081344673606', 'Sawai, Maluku Tengah', 1),
(45, 'Lestari Uni', '085256636209', 'Tulehu, Maluku Tengah', 1),
(46, 'Wahyuni Nita', '087889983342', 'Wayame, Ambon', 1),
(47, 'Heri Kusnadi', '082210682128', 'Stain, Ambon', 1),
(48, 'Tina Merlina', '082238770005', 'Gemba, SBB', 1),
(49, 'Sari Pakaya', '085775395394', 'Liang, Maluku Tengah', 1),
(50, 'Lia Siahaya', '081242426450', 'Liang, Maluku Tengah', 1);

-- --------------------------------------------------------

--
-- Struktur dari tabel `detail_productkeluar`
--

CREATE TABLE `detail_productkeluar` (
  `iddetail` int(11) NOT NULL,
  `idkeluar` int(11) NOT NULL,
  `idproduct` int(11) NOT NULL,
  `qty` int(11) NOT NULL,
  `satuan` varchar(50) NOT NULL,
  `harga` decimal(10,0) NOT NULL,
  `total` decimal(10,0) NOT NULL,
  `subtotal` double NOT NULL,
  `shippingfee` double NOT NULL,
  `totalamount` double NOT NULL,
  `notes` text NOT NULL,
  `status` varchar(50) NOT NULL
) ENGINE=InnoDB DEFAULT CHARSET=utf8mb4;

--
-- Dumping data untuk tabel `detail_productkeluar`
--

INSERT INTO `detail_productkeluar` (`iddetail`, `idkeluar`, `idproduct`, `qty`, `satuan`, `harga`, `total`, `subtotal`, `shippingfee`, `totalamount`, `notes`, `status`) VALUES
(137, 38, 197, 15, 'pcs', '50000', '750000', 12650000, 90000, 12740000, 'Terima Kasih', 'Lunas'),
(138, 38, 212, 15, 'pcs', '50000', '750000', 12650000, 90000, 12740000, 'Terima Kasih', 'Lunas'),
(139, 38, 97, 12, 'pcs', '50000', '600000', 12650000, 90000, 12740000, 'Terima Kasih', 'Lunas'),
(140, 38, 208, 11, 'pcs', '55000', '605000', 12650000, 90000, 12740000, 'Terima Kasih', 'Lunas'),
(141, 38, 105, 20, 'pcs', '50000', '1000000', 12650000, 90000, 12740000, 'Terima Kasih', 'Lunas'),
(142, 38, 205, 12, 'pcs', '60000', '720000', 12650000, 90000, 12740000, 'Terima Kasih', 'Lunas'),
(143, 38, 198, 15, 'pcs', '50000', '750000', 12650000, 90000, 12740000, 'Terima Kasih', 'Lunas'),
(144, 38, 210, 18, 'pcs', '55000', '990000', 12650000, 90000, 12740000, 'Terima Kasih', 'Lunas'),
(145, 38, 199, 10, 'pcs', '60000', '600000', 12650000, 90000, 12740000, 'Terima Kasih', 'Lunas'),
(146, 38, 213, 11, 'pcs', '55000', '605000', 12650000, 90000, 12740000, 'Terima Kasih', 'Lunas'),
(147, 38, 135, 15, 'pcs', '50000', '750000', 12650000, 90000, 12740000, 'Terima Kasih', 'Lunas'),
(148, 38, 109, 12, 'pcs', '75000', '900000', 12650000, 90000, 12740000, 'Terima Kasih', 'Lunas'),
(149, 38, 174, 20, 'pcs', '50000', '1000000', 12650000, 90000, 12740000, 'Terima Kasih', 'Lunas'),
(150, 38, 115, 15, 'pcs', '50000', '750000', 12650000, 90000, 12740000, 'Terima Kasih', 'Lunas'),
(151, 38, 178, 12, 'pcs', '50000', '600000', 12650000, 90000, 12740000, 'Terima Kasih', 'Lunas'),
(152, 38, 194, 12, 'pcs', '65000', '780000', 12650000, 90000, 12740000, 'Terima Kasih', 'Lunas'),
(153, 38, 100, 10, 'pcs', '50000', '500000', 12650000, 90000, 12740000, 'Terima Kasih', 'Lunas'),
(154, 39, 197, 15, 'pcs', '50000', '750000', 16685000, 60000, 16745000, 'Terimah Kasih ', 'Lunas'),
(155, 39, 212, 10, 'pcs', '50000', '500000', 16685000, 60000, 16745000, 'Terimah Kasih ', 'Lunas'),
(156, 39, 97, 12, 'pcs', '50000', '600000', 16685000, 60000, 16745000, 'Terimah Kasih ', 'Lunas'),
(157, 39, 208, 14, 'pcs', '55000', '770000', 16685000, 60000, 16745000, 'Terimah Kasih ', 'Lunas'),
(158, 39, 105, 18, 'pcs', '50000', '900000', 16685000, 60000, 16745000, 'Terimah Kasih ', 'Lunas'),
(159, 39, 205, 8, 'pcs', '60000', '480000', 16685000, 60000, 16745000, 'Terimah Kasih ', 'Lunas'),
(160, 39, 198, 14, 'pcs', '50000', '700000', 16685000, 60000, 16745000, 'Terimah Kasih ', 'Lunas'),
(161, 39, 210, 22, 'pcs', '55000', '1210000', 16685000, 60000, 16745000, 'Terimah Kasih ', 'Lunas'),
(162, 39, 199, 10, 'pcs', '60000', '600000', 16685000, 60000, 16745000, 'Terimah Kasih ', 'Lunas'),
(163, 39, 213, 15, 'pcs', '55000', '825000', 16685000, 60000, 16745000, 'Terimah Kasih ', 'Lunas'),
(164, 39, 135, 12, 'pcs', '50000', '600000', 16685000, 60000, 16745000, 'Terimah Kasih ', 'Lunas'),
(165, 39, 109, 18, 'pcs', '75000', '1350000', 16685000, 60000, 16745000, 'Terimah Kasih ', 'Lunas'),
(166, 39, 174, 20, 'pcs', '50000', '1000000', 16685000, 60000, 16745000, 'Terimah Kasih ', 'Lunas'),
(167, 39, 115, 25, 'pcs', '50000', '1250000', 16685000, 60000, 16745000, 'Terimah Kasih ', 'Lunas'),
(168, 39, 178, 12, 'pcs', '50000', '600000', 16685000, 60000, 16745000, 'Terimah Kasih ', 'Lunas'),
(169, 39, 194, 8, 'pcs', '65000', '520000', 16685000, 60000, 16745000, 'Terimah Kasih ', 'Lunas'),
(170, 39, 100, 10, 'pcs', '50000', '500000', 16685000, 60000, 16745000, 'Terimah Kasih ', 'Lunas'),
(171, 39, 164, 8, 'pcs', '110000', '880000', 16685000, 60000, 16745000, 'Terimah Kasih ', 'Lunas'),
(172, 39, 100, 10, 'pcs', '50000', '500000', 16685000, 60000, 16745000, 'Terimah Kasih ', 'Lunas'),
(173, 39, 136, 14, 'pcs', '50000', '700000', 16685000, 60000, 16745000, 'Terimah Kasih ', 'Lunas'),
(174, 39, 110, 12, 'pcs', '50000', '600000', 16685000, 60000, 16745000, 'Terimah Kasih ', 'Lunas'),
(175, 39, 111, 12, 'pcs', '50000', '600000', 16685000, 60000, 16745000, 'Terimah Kasih ', 'Lunas'),
(176, 40, 197, 37, 'pcs', '50000', '1850000', 21620000, 35000, 21655000, 'Terima kasih', 'Lunas'),
(177, 40, 212, 32, 'pcs', '50000', '1600000', 21620000, 35000, 21655000, 'Terima kasih', 'Lunas'),
(178, 40, 97, 32, 'pcs', '50000', '1600000', 21620000, 35000, 21655000, 'Terima kasih', 'Lunas'),
(179, 40, 208, 61, 'pcs', '55000', '3355000', 21620000, 35000, 21655000, 'Terima kasih', 'Lunas'),
(180, 40, 213, 50, 'pcs', '55000', '2750000', 21620000, 35000, 21655000, 'Terima kasih', 'Lunas'),
(181, 40, 207, 43, 'pcs', '55000', '2365000', 21620000, 35000, 21655000, 'Terima kasih', 'Lunas'),
(182, 40, 174, 52, 'pcs', '50000', '2600000', 21620000, 35000, 21655000, 'Terima kasih', 'Lunas'),
(183, 40, 105, 32, 'pcs', '50000', '1600000', 21620000, 35000, 21655000, 'Terima kasih', 'Lunas'),
(184, 40, 172, 35, 'pcs', '50000', '1750000', 21620000, 35000, 21655000, 'Terima kasih', 'Lunas'),
(185, 40, 136, 43, 'pcs', '50000', '2150000', 21620000, 35000, 21655000, 'Terima kasih', 'Lunas'),
(186, 41, 105, 32, 'pcs', '50000', '1600000', 15340000, 35000, 15375000, 'Terima Kasih', 'Lunas'),
(187, 41, 205, 36, 'pcs', '60000', '2160000', 15340000, 35000, 15375000, 'Terima Kasih', 'Lunas'),
(188, 41, 198, 27, 'pcs', '50000', '1350000', 15340000, 35000, 15375000, 'Terima Kasih', 'Lunas'),
(189, 41, 136, 43, 'pcs', '50000', '2150000', 15340000, 35000, 15375000, 'Terima Kasih', 'Lunas'),
(190, 41, 174, 52, 'pcs', '50000', '2600000', 15340000, 35000, 15375000, 'Terima Kasih', 'Lunas'),
(191, 41, 172, 35, 'pcs', '50000', '1750000', 15340000, 35000, 15375000, 'Terima Kasih', 'Lunas'),
(192, 41, 210, 40, 'pcs', '55000', '2200000', 15340000, 35000, 15375000, 'Terima Kasih', 'Lunas'),
(193, 41, 194, 12, 'pcs', '65000', '780000', 15340000, 35000, 15375000, 'Terima Kasih', 'Lunas'),
(194, 41, 100, 15, 'pcs', '50000', '750000', 15340000, 35000, 15375000, 'Terima Kasih', 'Lunas'),
(195, 42, 213, 50, 'pcs', '55000', '2750000', 17900000, 90000, 17990000, 'Terima Kasih', 'Lunas'),
(196, 42, 207, 43, 'pcs', '55000', '2365000', 17900000, 90000, 17990000, 'Terima Kasih', 'Lunas'),
(197, 42, 105, 32, 'pcs', '50000', '1600000', 17900000, 90000, 17990000, 'Terima Kasih', 'Lunas'),
(198, 42, 208, 61, 'pcs', '55000', '3355000', 17900000, 90000, 17990000, 'Terima Kasih', 'Lunas'),
(199, 42, 174, 52, 'pcs', '50000', '2600000', 17900000, 90000, 17990000, 'Terima Kasih', 'Lunas'),
(200, 42, 136, 43, 'pcs', '50000', '2150000', 17900000, 90000, 17990000, 'Terima Kasih', 'Lunas'),
(201, 42, 100, 33, 'pcs', '50000', '1650000', 17900000, 90000, 17990000, 'Terima Kasih', 'Lunas'),
(202, 42, 164, 13, 'pcs', '110000', '1430000', 17900000, 90000, 17990000, 'Terima Kasih', 'Lunas'),
(203, 43, 134, 23, 'pcs', '60000', '1380000', 17050000, 80000, 17130000, 'Terimah Kasih', 'Lunas'),
(204, 43, 217, 26, 'pcs', '55000', '1430000', 17050000, 80000, 17130000, 'Terimah Kasih', 'Lunas'),
(205, 43, 99, 18, 'pcs', '50000', '900000', 17050000, 80000, 17130000, 'Terimah Kasih', 'Lunas'),
(206, 43, 194, 21, 'pcs', '65000', '1365000', 17050000, 80000, 17130000, 'Terimah Kasih', 'Lunas'),
(207, 43, 136, 30, 'pcs', '50000', '1500000', 17050000, 80000, 17130000, 'Terimah Kasih', 'Lunas'),
(208, 43, 174, 52, 'pcs', '50000', '2600000', 17050000, 80000, 17130000, 'Terimah Kasih', 'Lunas'),
(209, 43, 105, 32, 'pcs', '50000', '1600000', 17050000, 80000, 17130000, 'Terimah Kasih', 'Lunas'),
(210, 43, 172, 35, 'pcs', '50000', '1750000', 17050000, 80000, 17130000, 'Terimah Kasih', 'Lunas'),
(211, 43, 205, 36, 'pcs', '60000', '2160000', 17050000, 80000, 17130000, 'Terimah Kasih', 'Lunas'),
(212, 43, 207, 43, 'pcs', '55000', '2365000', 17050000, 80000, 17130000, 'Terimah Kasih', 'Lunas'),
(213, 44, 127, 43, 'pcs', '50000', '2150000', 15365000, 75000, 15440000, 'terima kasih', 'Lunas'),
(214, 44, 136, 43, 'pcs', '50000', '2150000', 15365000, 75000, 15440000, 'terima kasih', 'Lunas'),
(215, 44, 207, 43, 'pcs', '55000', '2365000', 15365000, 75000, 15440000, 'terima kasih', 'Lunas'),
(216, 44, 105, 32, 'pcs', '50000', '1600000', 15365000, 75000, 15440000, 'terima kasih', 'Lunas'),
(217, 44, 213, 50, 'pcs', '55000', '2750000', 15365000, 75000, 15440000, 'terima kasih', 'Lunas'),
(218, 44, 174, 52, 'pcs', '50000', '2600000', 15365000, 75000, 15440000, 'terima kasih', 'Lunas'),
(219, 44, 172, 35, 'pcs', '50000', '1750000', 15365000, 75000, 15440000, 'terima kasih', 'Lunas'),
(220, 45, 105, 32, 'pcs', '50000', '1600000', 10700000, 70000, 10770000, 'terimah kasih', 'Lunas'),
(221, 45, 100, 32, 'pcs', '50000', '1600000', 10700000, 70000, 10770000, 'terimah kasih', 'Lunas'),
(222, 45, 136, 43, 'pcs', '50000', '2150000', 10700000, 70000, 10770000, 'terimah kasih', 'Lunas'),
(223, 45, 213, 50, 'pcs', '55000', '2750000', 10700000, 70000, 10770000, 'terimah kasih', 'Lunas'),
(224, 45, 174, 52, 'pcs', '50000', '2600000', 10700000, 70000, 10770000, 'terimah kasih', 'Lunas'),
(225, 46, 212, 32, 'pcs', '50000', '1600000', 8550000, 60000, 8610000, 'terima kasih', 'Lunas'),
(226, 46, 97, 32, 'pcs', '50000', '1600000', 8550000, 60000, 8610000, 'terima kasih', 'Lunas'),
(227, 46, 174, 20, 'pcs', '50000', '1000000', 8550000, 60000, 8610000, 'terima kasih', 'Lunas'),
(228, 46, 105, 32, 'pcs', '50000', '1600000', 8550000, 60000, 8610000, 'terima kasih', 'Lunas'),
(229, 46, 213, 50, 'pcs', '55000', '2750000', 8550000, 60000, 8610000, 'terima kasih', 'Lunas'),
(230, 47, 194, 12, 'pcs', '65000', '780000', 10410000, 60000, 10470000, 'terima kasih', 'Lunas'),
(231, 47, 174, 20, 'pcs', '50000', '1000000', 10410000, 60000, 10470000, 'terima kasih', 'Lunas'),
(232, 47, 208, 61, 'pcs', '55000', '3355000', 10410000, 60000, 10470000, 'terima kasih', 'Lunas'),
(233, 47, 213, 50, 'pcs', '55000', '2750000', 10410000, 60000, 10470000, 'terima kasih', 'Lunas'),
(234, 47, 136, 43, 'pcs', '50000', '2150000', 10410000, 60000, 10470000, 'terima kasih', 'Lunas'),
(235, 48, 115, 15, 'pcs', '50000', '750000', 11340000, 60000, 11400000, 'terima kasih', 'Lunas'),
(236, 48, 138, 50, 'pcs', '55000', '2750000', 11340000, 60000, 11400000, 'terima kasih', 'Lunas'),
(237, 48, 105, 32, 'pcs', '50000', '1600000', 11340000, 60000, 11400000, 'terima kasih', 'Lunas'),
(238, 48, 214, 52, 'pcs', '120000', '6240000', 11340000, 60000, 11400000, 'terima kasih', 'Lunas'),
(239, 49, 166, 43, 'pcs', '50000', '2150000', 8655000, 70000, 8725000, 'terima kasih', 'Lunas'),
(240, 49, 204, 27, 'pcs', '65000', '1755000', 8655000, 70000, 8725000, 'terima kasih', 'Lunas'),
(241, 49, 156, 20, 'pcs', '50000', '1000000', 8655000, 70000, 8725000, 'terima kasih', 'Lunas'),
(242, 49, 153, 43, 'pcs', '50000', '2150000', 8655000, 70000, 8725000, 'terima kasih', 'Lunas'),
(243, 49, 126, 32, 'pcs', '50000', '1600000', 8655000, 70000, 8725000, 'terima kasih', 'Lunas'),
(244, 50, 135, 43, 'pcs', '50000', '2150000', 8150000, 70000, 8220000, 'terima kasih', 'Lunas'),
(245, 50, 97, 32, 'pcs', '50000', '1600000', 8150000, 70000, 8220000, 'terima kasih', 'Lunas'),
(246, 50, 137, 36, 'pcs', '50000', '1800000', 8150000, 70000, 8220000, 'terima kasih', 'Lunas'),
(247, 50, 150, 52, 'pcs', '50000', '2600000', 8150000, 70000, 8220000, 'terima kasih', 'Lunas'),
(248, 51, 104, 24, 'pcs', '50000', '1200000', 7900000, 55000, 7955000, 'terima kasih', 'Lunas'),
(249, 51, 95, 50, 'pcs', '50000', '2500000', 7900000, 55000, 7955000, 'terima kasih', 'Lunas'),
(250, 51, 96, 32, 'pcs', '50000', '1600000', 7900000, 55000, 7955000, 'terima kasih', 'Lunas'),
(251, 51, 107, 52, 'pcs', '50000', '2600000', 7900000, 55000, 7955000, 'terima kasih', 'Lunas'),
(252, 52, 212, 32, 'pcs', '50000', '1600000', 14070000, 80000, 14150000, 'terima kasih', 'Lunas'),
(253, 52, 171, 28, 'pcs', '65000', '1820000', 14070000, 80000, 14150000, 'terima kasih', 'Lunas'),
(254, 52, 167, 61, 'pcs', '50000', '3050000', 14070000, 80000, 14150000, 'terima kasih', 'Lunas'),
(255, 52, 112, 50, 'pcs', '100000', '5000000', 14070000, 80000, 14150000, 'terima kasih', 'Lunas'),
(256, 52, 144, 52, 'pcs', '50000', '2600000', 14070000, 80000, 14150000, 'terima kasih', 'Lunas'),
(257, 53, 178, 24, 'pcs', '50000', '1200000', 15395000, 75000, 15470000, 'terima kasih', 'Lunas'),
(258, 53, 199, 43, 'pcs', '60000', '2580000', 15395000, 75000, 15470000, 'terima kasih', 'Lunas'),
(259, 53, 111, 35, 'pcs', '50000', '1750000', 15395000, 75000, 15470000, 'terima kasih', 'Lunas'),
(260, 53, 165, 50, 'pcs', '150000', '7500000', 15395000, 75000, 15470000, 'terima kasih', 'Lunas'),
(261, 53, 120, 43, 'pcs', '55000', '2365000', 15395000, 75000, 15470000, 'terima kasih', 'Lunas'),
(262, 54, 104, 48, 'pcs', '50000', '2400000', 9730000, 70000, 9800000, 'terima kasih', 'Lunas'),
(263, 54, 126, 20, 'pcs', '50000', '1000000', 9730000, 70000, 9800000, 'terima kasih', 'Lunas'),
(264, 54, 155, 32, 'pcs', '65000', '2080000', 9730000, 70000, 9800000, 'terima kasih', 'Lunas'),
(265, 54, 110, 50, 'pcs', '50000', '2500000', 9730000, 70000, 9800000, 'terima kasih', 'Lunas'),
(266, 54, 121, 35, 'pcs', '50000', '1750000', 9730000, 70000, 9800000, 'terima kasih', 'Lunas'),
(267, 55, 194, 50, 'pcs', '65000', '3250000', 9550000, 55000, 9605000, 'terima kasih', 'Lunas'),
(268, 55, 96, 12, 'pcs', '50000', '600000', 9550000, 55000, 9605000, 'terima kasih', 'Lunas'),
(269, 55, 112, 15, 'pcs', '100000', '1500000', 9550000, 55000, 9605000, 'terima kasih', 'Lunas'),
(270, 55, 107, 52, 'pcs', '50000', '2600000', 9550000, 55000, 9605000, 'terima kasih', 'Lunas'),
(271, 55, 121, 32, 'pcs', '50000', '1600000', 9550000, 55000, 9605000, 'terima kasih', 'Lunas'),
(272, 56, 171, 28, 'pcs', '65000', '1820000', 12955000, 90000, 13045000, 'terima kasih', 'Lunas'),
(273, 56, 95, 61, 'pcs', '50000', '3050000', 12955000, 90000, 13045000, 'terima kasih', 'Lunas'),
(274, 56, 102, 43, 'pcs', '45000', '1935000', 12955000, 90000, 13045000, 'terima kasih', 'Lunas'),
(275, 56, 101, 50, 'pcs', '45000', '2250000', 12955000, 90000, 13045000, 'terima kasih', 'Lunas'),
(276, 56, 109, 52, 'pcs', '75000', '3900000', 12955000, 90000, 13045000, 'terima kasih', 'Lunas'),
(277, 57, 199, 36, 'pcs', '60000', '2160000', 25825000, 85000, 25910000, 'terima kasih', 'Lunas'),
(278, 57, 108, 12, 'pcs', '50000', '600000', 25825000, 85000, 25910000, 'terima kasih', 'Lunas'),
(279, 57, 100, 33, 'pcs', '50000', '1650000', 25825000, 85000, 25910000, 'terima kasih', 'Lunas'),
(280, 57, 110, 27, 'pcs', '50000', '1350000', 25825000, 85000, 25910000, 'terima kasih', 'Lunas'),
(281, 57, 114, 28, 'pcs', '100000', '2800000', 25825000, 85000, 25910000, 'terima kasih', 'Lunas'),
(282, 57, 116, 52, 'pcs', '120000', '6240000', 25825000, 85000, 25910000, 'terima kasih', 'Lunas'),
(283, 57, 117, 43, 'pcs', '150000', '6450000', 25825000, 85000, 25910000, 'terima kasih', 'Lunas'),
(284, 57, 132, 61, 'pcs', '75000', '4575000', 25825000, 85000, 25910000, 'terima kasih', 'Lunas'),
(285, 58, 127, 43, 'pcs', '50000', '2150000', 18605000, 70000, 18675000, 'terima kasih', 'Lunas'),
(286, 58, 207, 43, 'pcs', '55000', '2365000', 18605000, 70000, 18675000, 'terima kasih', 'Lunas'),
(287, 58, 115, 52, 'pcs', '50000', '2600000', 18605000, 70000, 18675000, 'terima kasih', 'Lunas'),
(288, 58, 112, 50, 'pcs', '100000', '5000000', 18605000, 70000, 18675000, 'terima kasih', 'Lunas'),
(289, 58, 120, 32, 'pcs', '55000', '1760000', 18605000, 70000, 18675000, 'terima kasih', 'Lunas'),
(290, 58, 164, 43, 'pcs', '110000', '4730000', 18605000, 70000, 18675000, 'terima kasih', 'Lunas'),
(291, 59, 198, 50, 'pcs', '50000', '2500000', 23410000, 60000, 23470000, 'terima kasih', 'Lunas'),
(292, 59, 93, 28, 'pcs', '50000', '1400000', 23410000, 60000, 23470000, 'terima kasih', 'Lunas'),
(293, 59, 113, 26, 'pcs', '120000', '3120000', 23410000, 60000, 23470000, 'terima kasih', 'Lunas'),
(294, 59, 116, 43, 'pcs', '120000', '5160000', 23410000, 60000, 23470000, 'terima kasih', 'Lunas'),
(295, 59, 121, 35, 'pcs', '50000', '1750000', 23410000, 60000, 23470000, 'terima kasih', 'Lunas'),
(296, 59, 140, 52, 'pcs', '55000', '2860000', 23410000, 60000, 23470000, 'terima kasih', 'Lunas'),
(297, 59, 138, 32, 'pcs', '55000', '1760000', 23410000, 60000, 23470000, 'terima kasih', 'Lunas'),
(298, 59, 147, 33, 'pcs', '120000', '3960000', 23410000, 60000, 23470000, 'terima kasih', 'Lunas'),
(299, 59, 134, 15, 'pcs', '60000', '900000', 23410000, 60000, 23470000, 'terima kasih', 'Lunas'),
(300, 60, 117, 50, 'pcs', '150000', '7500000', 25615000, 75000, 25690000, 'terima kasih', 'Lunas'),
(301, 60, 106, 37, 'pcs', '50000', '1850000', 25615000, 75000, 25690000, 'terima kasih', 'Lunas'),
(302, 60, 209, 7, 'pcs', '35000', '245000', 25615000, 75000, 25690000, 'terima kasih', 'Lunas'),
(303, 60, 168, 65, 'pcs', '85000', '5525000', 25615000, 75000, 25690000, 'terima kasih', 'Lunas'),
(304, 60, 167, 35, 'pcs', '50000', '1750000', 25615000, 75000, 25690000, 'terima kasih', 'Lunas'),
(305, 60, 212, 55, 'pcs', '50000', '2750000', 25615000, 75000, 25690000, 'terima kasih', 'Lunas'),
(306, 60, 216, 12, 'pcs', '55000', '660000', 25615000, 75000, 25690000, 'terima kasih', 'Lunas'),
(307, 60, 218, 47, 'pcs', '55000', '2585000', 25615000, 75000, 25690000, 'terima kasih', 'Lunas'),
(308, 60, 191, 50, 'pcs', '55000', '2750000', 25615000, 75000, 25690000, 'terima kasih', 'Lunas'),
(309, 61, 125, 70, 'pcs', '50000', '3500000', 33220000, 60000, 33280000, 'terima kasih', 'Lunas'),
(310, 61, 118, 56, 'pcs', '100000', '5600000', 33220000, 60000, 33280000, 'terima kasih', 'Lunas'),
(311, 61, 116, 32, 'pcs', '120000', '3840000', 33220000, 60000, 33280000, 'terima kasih', 'Lunas'),
(312, 61, 139, 56, 'pcs', '100000', '5600000', 33220000, 60000, 33280000, 'terima kasih', 'Lunas'),
(313, 61, 134, 19, 'pcs', '60000', '1140000', 33220000, 60000, 33280000, 'terima kasih', 'Lunas'),
(314, 61, 101, 90, 'pcs', '45000', '4050000', 33220000, 60000, 33280000, 'terima kasih', 'Lunas'),
(315, 61, 137, 11, 'pcs', '50000', '550000', 33220000, 60000, 33280000, 'terima kasih', 'Lunas'),
(316, 61, 177, 23, 'pcs', '100000', '2300000', 33220000, 60000, 33280000, 'terima kasih', 'Lunas'),
(317, 61, 143, 56, 'pcs', '65000', '3640000', 33220000, 60000, 33280000, 'terima kasih', 'Lunas'),
(318, 61, 115, 60, 'pcs', '50000', '3000000', 33220000, 60000, 33280000, 'terima kasih', 'Lunas'),
(319, 62, 94, 25, 'pcs', '50000', '1250000', 10600000, 85000, 10685000, 'terima kasih', 'Lunas'),
(320, 62, 219, 55, 'pcs', '40000', '2200000', 10600000, 85000, 10685000, 'terima kasih', 'Lunas'),
(321, 62, 217, 20, 'pcs', '55000', '1100000', 10600000, 85000, 10685000, 'terima kasih', 'Lunas'),
(322, 62, 122, 18, 'pcs', '50000', '900000', 10600000, 85000, 10685000, 'terima kasih', 'Lunas'),
(323, 62, 158, 12, 'pcs', '35000', '420000', 10600000, 85000, 10685000, 'terima kasih', 'Lunas'),
(324, 62, 154, 20, 'pcs', '25000', '500000', 10600000, 85000, 10685000, 'terima kasih', 'Lunas'),
(325, 62, 173, 23, 'pcs', '50000', '1150000', 10600000, 85000, 10685000, 'terima kasih', 'Lunas'),
(326, 62, 216, 56, 'pcs', '55000', '3080000', 10600000, 85000, 10685000, 'terima kasih', 'Lunas'),
(327, 63, 120, 34, 'pcs', '55000', '1870000', 25670000, 65000, 25735000, 'terima kasih', 'Lunas'),
(328, 63, 108, 25, 'pcs', '50000', '1250000', 25670000, 65000, 25735000, 'terima kasih', 'Lunas'),
(329, 63, 122, 25, 'pcs', '50000', '1250000', 25670000, 65000, 25735000, 'terima kasih', 'Lunas'),
(330, 63, 132, 70, 'pcs', '75000', '5250000', 25670000, 65000, 25735000, 'terima kasih', 'Lunas'),
(331, 63, 126, 30, 'pcs', '50000', '1500000', 25670000, 65000, 25735000, 'terima kasih', 'Lunas'),
(332, 63, 134, 65, 'pcs', '60000', '3900000', 25670000, 65000, 25735000, 'terima kasih', 'Lunas'),
(333, 63, 112, 10, 'pcs', '100000', '1000000', 25670000, 65000, 25735000, 'terima kasih', 'Lunas'),
(334, 63, 147, 40, 'pcs', '120000', '4800000', 25670000, 65000, 25735000, 'terima kasih', 'Lunas'),
(335, 63, 140, 33, 'pcs', '55000', '1815000', 25670000, 65000, 25735000, 'terima kasih', 'Lunas'),
(336, 63, 209, 5, 'pcs', '35000', '175000', 25670000, 65000, 25735000, 'terima kasih', 'Lunas'),
(337, 63, 176, 44, 'pcs', '65000', '2860000', 25670000, 65000, 25735000, 'terima kasih', 'Lunas'),
(338, 64, 93, 36, 'pcs', '50000', '1800000', 34295000, 75000, 34370000, 'terima kasih', 'Lunas'),
(339, 64, 94, 56, 'pcs', '50000', '2800000', 34295000, 75000, 34370000, 'terima kasih', 'Lunas'),
(340, 64, 98, 29, 'pcs', '50000', '1450000', 34295000, 75000, 34370000, 'terima kasih', 'Lunas'),
(341, 64, 112, 30, 'pcs', '100000', '3000000', 34295000, 75000, 34370000, 'terima kasih', 'Lunas'),
(342, 64, 114, 18, 'pcs', '100000', '1800000', 34295000, 75000, 34370000, 'terima kasih', 'Lunas'),
(343, 64, 109, 25, 'pcs', '75000', '1875000', 34295000, 75000, 34370000, 'terima kasih', 'Lunas'),
(344, 64, 144, 56, 'pcs', '50000', '2800000', 34295000, 75000, 34370000, 'terima kasih', 'Lunas'),
(345, 64, 211, 67, 'pcs', '110000', '7370000', 34295000, 75000, 34370000, 'terima kasih', 'Lunas'),
(346, 64, 117, 76, 'pcs', '150000', '11400000', 34295000, 75000, 34370000, 'terima kasih', 'Lunas'),
(347, 65, 116, 66, 'pcs', '120000', '7920000', 46245000, 55000, 46300000, 'terima kasih', 'Lunas'),
(348, 65, 114, 120, 'pcs', '100000', '12000000', 46245000, 55000, 46300000, 'terima kasih', 'Lunas'),
(349, 65, 96, 56, 'pcs', '50000', '2800000', 46245000, 55000, 46300000, 'terima kasih', 'Lunas'),
(350, 65, 97, 67, 'pcs', '50000', '3350000', 46245000, 55000, 46300000, 'terima kasih', 'Lunas'),
(351, 65, 130, 50, 'pcs', '50000', '2500000', 46245000, 55000, 46300000, 'terima kasih', 'Lunas'),
(352, 65, 143, 25, 'pcs', '65000', '1625000', 46245000, 55000, 46300000, 'terima kasih', 'Lunas'),
(353, 65, 114, 60, 'pcs', '100000', '6000000', 46245000, 55000, 46300000, 'terima kasih', 'Lunas'),
(354, 65, 123, 33, 'pcs', '50000', '1650000', 46245000, 55000, 46300000, 'terima kasih', 'Lunas'),
(355, 65, 113, 70, 'pcs', '120000', '8400000', 46245000, 55000, 46300000, 'terima kasih', 'Lunas'),
(356, 66, 148, 100, 'pcs', '50000', '5000000', 20940000, 60000, 21000000, 'terima kasih', 'Lunas'),
(357, 66, 148, 56, 'pcs', '50000', '2800000', 20940000, 60000, 21000000, 'terima kasih', 'Lunas'),
(358, 66, 120, 78, 'pcs', '55000', '4290000', 20940000, 60000, 21000000, 'terima kasih', 'Lunas'),
(359, 66, 97, 58, 'pcs', '50000', '2900000', 20940000, 60000, 21000000, 'terima kasih', 'Lunas'),
(360, 66, 92, 80, 'pcs', '50000', '4000000', 20940000, 60000, 21000000, 'terima kasih', 'Lunas'),
(361, 66, 93, 39, 'pcs', '50000', '1950000', 20940000, 60000, 21000000, 'terima kasih', 'Lunas'),
(362, 67, 109, 23, 'pcs', '75000', '1725000', 14075000, 70000, 14145000, 'terima kasih', 'Lunas'),
(363, 67, 96, 45, 'pcs', '50000', '2250000', 14075000, 70000, 14145000, 'terima kasih', 'Lunas'),
(364, 67, 121, 78, 'pcs', '50000', '3900000', 14075000, 70000, 14145000, 'terima kasih', 'Lunas'),
(365, 67, 112, 17, 'pcs', '100000', '1700000', 14075000, 70000, 14145000, 'terima kasih', 'Lunas'),
(366, 67, 136, 40, 'pcs', '50000', '2000000', 14075000, 70000, 14145000, 'terima kasih', 'Lunas'),
(367, 67, 123, 50, 'pcs', '50000', '2500000', 14075000, 70000, 14145000, 'terima kasih', 'Lunas'),
(368, 68, 95, 48, 'pcs', '50000', '2400000', 13900000, 80000, 13980000, 'terima kasih', 'Lunas'),
(369, 68, 140, 60, 'pcs', '55000', '3300000', 13900000, 80000, 13980000, 'terima kasih', 'Lunas'),
(370, 68, 134, 90, 'pcs', '60000', '5400000', 13900000, 80000, 13980000, 'terima kasih', 'Lunas'),
(371, 68, 94, 56, 'pcs', '50000', '2800000', 13900000, 80000, 13980000, 'terima kasih', 'Lunas'),
(372, 69, 148, 70, 'pcs', '50000', '3500000', 24150000, 75000, 24225000, 'terima kasih', 'Lunas'),
(373, 69, 112, 55, 'pcs', '100000', '5500000', 24150000, 75000, 24225000, 'terima kasih', 'Lunas'),
(374, 69, 124, 90, 'pcs', '50000', '4500000', 24150000, 75000, 24225000, 'terima kasih', 'Lunas'),
(375, 69, 122, 100, 'pcs', '50000', '5000000', 24150000, 75000, 24225000, 'terima kasih', 'Lunas'),
(376, 69, 148, 45, 'pcs', '50000', '2250000', 24150000, 75000, 24225000, 'terima kasih', 'Lunas'),
(377, 69, 153, 12, 'pcs', '50000', '600000', 24150000, 75000, 24225000, 'terima kasih', 'Lunas'),
(378, 69, 159, 56, 'pcs', '50000', '2800000', 24150000, 75000, 24225000, 'terima kasih', 'Lunas'),
(379, 70, 140, 23, 'pcs', '55000', '1265000', 13515000, 60000, 13575000, 'terima kasih', 'Lunas'),
(380, 70, 172, 44, 'pcs', '50000', '2200000', 13515000, 60000, 13575000, 'terima kasih', 'Lunas'),
(381, 70, 141, 67, 'pcs', '100000', '6700000', 13515000, 60000, 13575000, 'terima kasih', 'Lunas'),
(382, 70, 150, 23, 'pcs', '50000', '1150000', 13515000, 60000, 13575000, 'terima kasih', 'Lunas'),
(383, 70, 123, 44, 'pcs', '50000', '2200000', 13515000, 60000, 13575000, 'terima kasih', 'Lunas'),
(384, 71, 115, 11, 'pcs', '50000', '550000', 20205000, 80000, 20285000, 'terima kasih', 'Lunas'),
(385, 71, 136, 12, 'pcs', '50000', '600000', 20205000, 80000, 20285000, 'terima kasih', 'Lunas'),
(386, 71, 121, 25, 'pcs', '50000', '1250000', 20205000, 80000, 20285000, 'terima kasih', 'Lunas'),
(387, 71, 162, 66, 'pcs', '100000', '6600000', 20205000, 80000, 20285000, 'terima kasih', 'Lunas'),
(388, 71, 216, 45, 'pcs', '55000', '2475000', 20205000, 80000, 20285000, 'terima kasih', 'Lunas'),
(389, 71, 135, 90, 'pcs', '50000', '4500000', 20205000, 80000, 20285000, 'terima kasih', 'Lunas'),
(390, 71, 167, 23, 'pcs', '50000', '1150000', 20205000, 80000, 20285000, 'terima kasih', 'Lunas'),
(391, 71, 219, 77, 'pcs', '40000', '3080000', 20205000, 80000, 20285000, 'terima kasih', 'Lunas'),
(392, 72, 114, 20, 'pcs', '100000', '2000000', 9505000, 55000, 9560000, 'terima kasih', 'Lunas'),
(393, 72, 132, 23, 'pcs', '75000', '1725000', 9505000, 55000, 9560000, 'terima kasih', 'Lunas'),
(394, 72, 161, 12, 'pcs', '50000', '600000', 9505000, 55000, 9560000, 'terima kasih', 'Lunas'),
(395, 72, 211, 22, 'pcs', '110000', '2420000', 9505000, 55000, 9560000, 'terima kasih', 'Lunas'),
(396, 72, 147, 18, 'pcs', '120000', '2160000', 9505000, 55000, 9560000, 'terima kasih', 'Lunas'),
(397, 72, 104, 12, 'pcs', '50000', '600000', 9505000, 55000, 9560000, 'terima kasih', 'Lunas'),
(398, 73, 119, 56, 'pcs', '120000', '6720000', 10570000, 70000, 10640000, 'terima kasih', 'Lunas'),
(399, 73, 124, 34, 'pcs', '50000', '1700000', 10570000, 70000, 10640000, 'terima kasih', 'Lunas'),
(400, 73, 105, 10, 'pcs', '50000', '500000', 10570000, 70000, 10640000, 'terima kasih', 'Lunas'),
(401, 73, 167, 14, 'pcs', '50000', '700000', 10570000, 70000, 10640000, 'terima kasih', 'Lunas'),
(402, 73, 122, 19, 'pcs', '50000', '950000', 10570000, 70000, 10640000, 'terima kasih', 'Lunas'),
(403, 74, 126, 23, 'pcs', '50000', '1150000', 12960000, 70000, 13030000, 'terima kasih', 'Lunas'),
(404, 74, 134, 11, 'pcs', '60000', '660000', 12960000, 70000, 13030000, 'terima kasih', 'Lunas'),
(405, 74, 96, 43, 'pcs', '50000', '2150000', 12960000, 70000, 13030000, 'terima kasih', 'Lunas'),
(406, 74, 106, 180, 'pcs', '50000', '9000000', 12960000, 70000, 13030000, 'terima kasih', 'Lunas'),
(407, 75, 104, 80, 'pcs', '50000', '4000000', 15000000, 80000, 15080000, 'terima kasih', 'Lunas'),
(408, 75, 97, 100, 'pcs', '50000', '5000000', 15000000, 80000, 15080000, 'terima kasih', 'Lunas'),
(409, 75, 127, 120, 'pcs', '50000', '6000000', 15000000, 80000, 15080000, 'terima kasih', 'Lunas'),
(410, 76, 147, 24, 'pcs', '120000', '2880000', 20980000, 75000, 21055000, 'terima kasih', 'Lunas'),
(411, 76, 136, 15, 'pcs', '50000', '750000', 20980000, 75000, 21055000, 'terima kasih', 'Lunas'),
(412, 76, 156, 140, 'pcs', '50000', '7000000', 20980000, 75000, 21055000, 'terima kasih', 'Lunas'),
(413, 76, 139, 70, 'pcs', '100000', '7000000', 20980000, 75000, 21055000, 'terima kasih', 'Lunas'),
(414, 76, 95, 50, 'pcs', '50000', '2500000', 20980000, 75000, 21055000, 'terima kasih', 'Lunas'),
(415, 76, 123, 17, 'pcs', '50000', '850000', 20980000, 75000, 21055000, 'terima kasih', 'Lunas'),
(416, 77, 150, 45, 'pcs', '50000', '2250000', 9510000, 65000, 9575000, 'terima kasih', 'Lunas'),
(417, 77, 138, 12, 'pcs', '55000', '660000', 9510000, 65000, 9575000, 'terima kasih', 'Lunas'),
(418, 77, 175, 20, 'pcs', '65000', '1300000', 9510000, 65000, 9575000, 'terima kasih', 'Lunas'),
(419, 77, 109, 40, 'pcs', '75000', '3000000', 9510000, 65000, 9575000, 'terima kasih', 'Lunas'),
(420, 77, 105, 34, 'pcs', '50000', '1700000', 9510000, 65000, 9575000, 'terima kasih', 'Lunas'),
(421, 77, 125, 12, 'pcs', '50000', '600000', 9510000, 65000, 9575000, 'terima kasih', 'Lunas'),
(422, 78, 92, 100, 'pcs', '50000', '5000000', 20350000, 55000, 20405000, 'terima kasih', 'Lunas'),
(423, 78, 94, 47, 'pcs', '50000', '2350000', 20350000, 55000, 20405000, 'terima kasih', 'Lunas'),
(424, 78, 93, 12, 'pcs', '50000', '600000', 20350000, 55000, 20405000, 'terima kasih', 'Lunas'),
(425, 78, 95, 80, 'pcs', '50000', '4000000', 20350000, 55000, 20405000, 'terima kasih', 'Lunas'),
(426, 78, 170, 78, 'pcs', '50000', '3900000', 20350000, 55000, 20405000, 'terima kasih', 'Lunas'),
(427, 78, 162, 45, 'pcs', '100000', '4500000', 20350000, 55000, 20405000, 'terima kasih', 'Lunas'),
(428, 79, 137, 43, 'pcs', '50000', '2150000', 15150000, 70000, 15220000, 'terima kasih', 'Lunas'),
(429, 79, 95, 5, 'pcs', '50000', '250000', 15150000, 70000, 15220000, 'terima kasih', 'Lunas'),
(430, 79, 159, 32, 'pcs', '50000', '1600000', 15150000, 70000, 15220000, 'terima kasih', 'Lunas'),
(431, 79, 166, 55, 'pcs', '50000', '2750000', 15150000, 70000, 15220000, 'terima kasih', 'Lunas'),
(432, 79, 149, 70, 'pcs', '120000', '8400000', 15150000, 70000, 15220000, 'terima kasih', 'Lunas'),
(433, 80, 154, 20, 'pcs', '25000', '500000', 16695000, 90000, 16785000, 'terima kasih', 'Lunas'),
(434, 80, 218, 89, 'pcs', '55000', '4895000', 16695000, 90000, 16785000, 'terima kasih', 'Lunas'),
(435, 80, 153, 90, 'pcs', '50000', '4500000', 16695000, 90000, 16785000, 'terima kasih', 'Lunas'),
(436, 80, 170, 57, 'pcs', '50000', '2850000', 16695000, 90000, 16785000, 'terima kasih', 'Lunas'),
(437, 80, 183, 79, 'pcs', '50000', '3950000', 16695000, 90000, 16785000, 'terima kasih', 'Lunas'),
(438, 47, 109, 5, 'pcs', '75000', '375000', 10410000, 60000, 10470000, 'terima kasih', 'Lunas');

-- --------------------------------------------------------

--
-- Struktur dari tabel `login`
--

CREATE TABLE `login` (
  `iduser` int(11) NOT NULL,
  `email` varchar(50) NOT NULL,
  `password` varchar(50) NOT NULL
) ENGINE=InnoDB DEFAULT CHARSET=utf8mb4;

--
-- Dumping data untuk tabel `login`
--

INSERT INTO `login` (`iduser`, `email`, `password`) VALUES
(1, 'ayusaban11@gmail.com', '12345');

-- --------------------------------------------------------

--
-- Struktur dari tabel `productkeluar`
--

CREATE TABLE `productkeluar` (
  `idkeluar` int(11) NOT NULL,
  `tanggal` timestamp NOT NULL DEFAULT current_timestamp(),
  `idcustomer` int(11) NOT NULL
) ENGINE=InnoDB DEFAULT CHARSET=utf8mb4;

--
-- Dumping data untuk tabel `productkeluar`
--

INSERT INTO `productkeluar` (`idkeluar`, `tanggal`, `idcustomer`) VALUES
(38, '2024-09-05 04:41:36', 49),
(39, '2024-09-05 05:03:10', 46),
(40, '2024-09-06 12:44:30', 14),
(41, '2024-09-07 01:57:01', 15),
(42, '2024-09-07 02:00:36', 20),
(43, '2024-09-07 13:34:27', 17),
(44, '2024-09-07 13:38:17', 21),
(45, '2024-09-07 13:41:43', 40),
(46, '2024-09-07 13:43:15', 38),
(47, '2024-09-07 13:46:11', 41),
(48, '2024-09-07 13:51:08', 47),
(49, '2024-09-07 13:54:47', 50),
(50, '2024-09-07 13:57:31', 48),
(51, '2024-09-07 14:00:27', 49),
(52, '2024-09-07 14:02:44', 46),
(53, '2024-09-07 14:05:29', 43),
(54, '2024-09-07 14:07:05', 45),
(55, '2024-09-07 14:08:30', 42),
(56, '2024-09-07 14:10:57', 44),
(57, '2024-09-07 14:15:10', 19),
(58, '2024-09-07 14:17:16', 21),
(59, '2024-09-07 14:21:19', 18),
(60, '2024-09-07 14:24:14', 22),
(61, '2024-09-07 14:30:27', 23),
(62, '2024-09-07 14:32:20', 24),
(63, '2024-09-07 14:35:18', 26),
(64, '2024-09-07 14:37:52', 25),
(65, '2024-09-07 14:41:21', 27),
(66, '2024-09-07 14:43:32', 28),
(67, '2024-09-07 14:45:32', 29),
(68, '2024-09-07 14:47:13', 39),
(69, '2024-09-07 14:48:37', 37),
(70, '2024-09-07 14:50:16', 38),
(71, '2024-09-07 14:52:09', 34),
(72, '2024-09-07 14:53:43', 36),
(73, '2024-09-07 14:56:07', 35),
(74, '2024-09-07 14:58:45', 29),
(75, '2024-09-07 15:00:37', 30),
(76, '2024-09-07 15:03:15', 31),
(77, '2024-09-07 15:05:07', 32),
(78, '2024-09-07 15:06:36', 33),
(79, '2024-09-07 15:08:59', 21),
(80, '2024-09-07 15:11:19', 20);

-- --------------------------------------------------------

--
-- Struktur dari tabel `productmasuk`
--

CREATE TABLE `productmasuk` (
  `idmasuk` int(11) NOT NULL,
  `idproduct` int(11) DEFAULT NULL,
  `tanggal` timestamp NOT NULL DEFAULT current_timestamp(),
  `keterangan` varchar(25) NOT NULL,
  `qty` int(11) NOT NULL
) ENGINE=InnoDB DEFAULT CHARSET=utf8mb4;

--
-- Dumping data untuk tabel `productmasuk`
--

INSERT INTO `productmasuk` (`idmasuk`, `idproduct`, `tanggal`, `keterangan`, `qty`) VALUES
(209, 197, '2024-09-03 08:09:22', 'jam tangan', 37),
(210, 212, '2024-09-03 08:10:04', 'jam tangan', 32),
(211, 97, '2024-09-03 08:10:26', 'jam tangan', 32),
(212, 209, '2024-09-03 08:33:11', 'Beterai', 46),
(213, 208, '2024-09-03 08:36:04', 'Jam Tangan', 61),
(214, 211, '2024-09-03 08:36:58', 'Jam Tangan', 28),
(215, 105, '2024-09-03 08:37:33', 'Jam Tangan', 32),
(216, 105, '2024-09-03 08:37:46', 'Jam Tangan', 32),
(217, 205, '2024-09-03 08:38:38', 'Jam Tangan', 36),
(218, 198, '2024-09-03 08:39:01', 'Jam Tangan', 27),
(219, 210, '2024-09-03 08:39:42', 'Jam Tangan', 40),
(220, 199, '2024-09-03 08:40:41', 'Jam Tangan', 36),
(221, 213, '2024-09-03 08:42:17', 'Jam Tangan', 50),
(222, 207, '2024-09-03 08:43:27', 'Jam Tangan', 43),
(223, 127, '2024-09-03 08:44:11', 'Jam Tangan', 43),
(224, 206, '2024-09-03 08:45:13', 'Jam Tangan', 28),
(225, 151, '2024-09-03 08:46:10', 'Jam Tangan', 28),
(226, 204, '2024-09-03 08:46:43', 'Jam Tangan', 26),
(227, 172, '2024-09-03 08:47:02', 'Jam Tangan', 35),
(228, 92, '2024-09-03 08:47:34', 'Jam Tangan', 16),
(229, 92, '2024-09-03 08:47:52', 'Jam Tangan', 16),
(230, 92, '2024-09-03 08:48:00', 'Jam Tangan', 16),
(231, 97, '2024-09-03 08:48:15', 'Jam Tangan', 32),
(232, 171, '2024-09-03 08:51:54', 'Jam Tangan', 28),
(234, 136, '2024-09-03 10:14:21', 'Jam Tangan', 43),
(235, 134, '2024-09-03 10:15:35', 'Jam Tangan', 23),
(236, 217, '2024-09-03 10:31:22', 'Jam Tangan', 26),
(237, 217, '2024-09-03 10:31:23', 'Jam Tangan', 26),
(238, 200, '2024-09-03 10:31:46', 'Jam Tangan', 26),
(239, 210, '2024-09-03 10:32:09', 'Jam Tangan', 40),
(240, 199, '2024-09-03 10:33:14', 'Jam Tangan', 26),
(241, 198, '2024-09-03 10:33:46', 'Jam Tangan', 26),
(242, 198, '2024-09-03 10:34:02', 'Jam Tangan', 27),
(243, 99, '2024-09-03 10:34:53', 'Jam Tangan', 18),
(244, 197, '2024-09-03 10:35:19', 'Jam Tangan', 37),
(245, 99, '2024-09-03 10:36:01', 'Jam Tangan', 18),
(246, 99, '2024-09-03 10:36:25', 'Jam Tangan', 16),
(247, 218, '2024-09-03 10:46:54', 'Jam Tangan', 16),
(248, 194, '2024-09-03 10:47:13', 'Jam Tangan', 21),
(249, 212, '2024-09-03 10:47:34', 'Jam Tangan', 32),
(250, 171, '2024-09-03 10:48:13', 'Jam Tangan', 28),
(251, 151, '2024-09-03 10:48:38', 'Jam Tangan', 28),
(252, 210, '2024-09-03 10:48:58', 'Jam Tangan', 32),
(253, 185, '2024-09-03 10:49:55', 'Jam Tangan', 21),
(254, 192, '2024-09-03 10:50:14', 'Jam Tangan', 16),
(255, 192, '2024-09-03 10:50:35', 'Jam Tangan', 16),
(256, 136, '2024-09-03 10:51:00', 'Jam Tangan', 30),
(257, 136, '2024-09-03 10:51:00', 'Jam Tangan', 30),
(258, 186, '2024-09-03 10:51:47', 'Jam Tangan', 10),
(259, 105, '2024-09-03 10:52:37', 'Jam Tangan', 32),
(260, 191, '2024-09-03 10:52:59', 'Jam Tangan', 16),
(261, 190, '2024-09-03 10:53:19', 'Jam Tangan', 16),
(262, 211, '2024-09-03 10:53:39', 'Jam Tangan', 26),
(263, 135, '2024-09-03 10:53:58', 'Jam Tangan', 32),
(264, 189, '2024-09-03 10:54:23', 'Jam Tangan', 26),
(265, 99, '2024-09-03 11:06:01', 'Jam Tangan', 18),
(266, 99, '2024-09-03 11:07:38', 'Jam Tangan', 16),
(267, 135, '2024-09-03 11:07:55', 'Jam Tangan', 32),
(268, 104, '2024-09-03 11:10:21', 'Jam Tangan', 48),
(269, 99, '2024-09-03 11:10:45', 'Jam Tangan', 18),
(270, 136, '2024-09-03 11:11:09', 'Jam Tangan', 40),
(271, 185, '2024-09-03 11:11:31', 'Jam Tangan', 21),
(272, 184, '2024-09-03 11:12:02', 'Jam Tangan', 43),
(273, 132, '2024-09-03 11:12:24', 'Jam Tangan', 18),
(274, 105, '2024-09-03 11:13:04', 'Jam Tangan', 32),
(275, 109, '2024-09-03 11:13:24', 'Jam Tangan', 43),
(276, 109, '2024-09-03 11:13:39', 'Jam Tangan', 9),
(277, 182, '2024-09-03 11:16:09', 'Jam Tangan', 18),
(278, 127, '2024-09-03 11:16:33', 'Jam Tangan', 28),
(279, 127, '2024-09-03 11:16:34', 'Jam Tangan', 28),
(280, 105, '2024-09-03 11:17:18', 'Jam Tangan', 32),
(281, 127, '2024-09-03 11:19:08', 'Jam Tangan', 28),
(282, 180, '2024-09-03 11:21:22', 'Jam Tangan', 23),
(283, 179, '2024-09-03 11:22:44', 'Jam Tangan', 20),
(284, 178, '2024-09-03 11:27:51', 'Jam Tangan', 24),
(285, 219, '2024-09-03 11:28:26', 'Jam Tangan', 65),
(286, 177, '2024-09-03 11:32:18', 'Jam Tangan', 24),
(287, 114, '2024-09-03 11:34:34', 'Jam Tangan', 19),
(288, 216, '2024-09-03 11:37:22', 'Jam Tangan', 40),
(289, 97, '2024-09-03 11:37:38', 'Jam Tangan', 30),
(290, 175, '2024-09-03 11:38:24', 'Jam Tangan', 2),
(291, 212, '2024-09-03 11:38:46', 'Jam Tangan', 32),
(292, 174, '2024-09-03 11:39:29', 'Jam Tangan', 52),
(293, 105, '2024-09-03 11:39:45', 'Jam Tangan', 32),
(294, 171, '2024-09-03 11:40:06', 'Jam Tangan', 26),
(295, 174, '2024-09-03 11:40:44', 'Jam Tangan', 52),
(296, 172, '2024-09-03 11:41:01', 'Jam Tangan', 35),
(297, 171, '2024-09-03 11:41:24', 'Jam Tangan', 26),
(298, 107, '2024-09-03 11:41:39', 'Jam Tangan', 18),
(299, 100, '2024-09-03 11:41:57', 'Jam Tangan', 23),
(300, 170, '2024-09-03 11:42:15', 'Jam Tangan', 26),
(301, 168, '2024-09-03 11:42:36', 'Jam Tangan', 9),
(302, 165, '2024-09-03 11:42:50', 'Jam Tangan', 7),
(303, 167, '2024-09-03 11:44:00', 'Jam Tangan', 26),
(304, 146, '2024-09-03 11:44:19', 'Jam Tangan', 16),
(305, 166, '2024-09-03 11:45:30', 'Jam Tangan', 26),
(306, 165, '2024-09-03 11:45:45', 'Jam Tangan', 16),
(307, 151, '2024-09-03 11:46:08', 'Jam Tangan', 28),
(308, 115, '2024-09-03 11:46:31', 'Jam Tangan', 261),
(309, 164, '2024-09-03 11:47:00', 'Jam Tangan', 13),
(310, 197, '2024-09-03 11:47:36', 'Jam Tangan', 37),
(311, 163, '2024-09-03 11:47:56', 'Jam Tangan', 9),
(312, 214, '2024-09-03 11:48:18', 'Jam Tangan', 6),
(313, 135, '2024-09-03 11:48:32', 'Jam Tangan', 32),
(314, 100, '2024-09-03 11:48:48', 'Jam Tangan', 32),
(315, 162, '2024-09-03 11:49:28', 'Jam Tangan', 17),
(316, 162, '2024-09-03 11:49:59', 'Jam Tangan', 17),
(317, 161, '2024-09-03 11:50:26', 'Jam Tangan', 26),
(318, 99, '2024-09-03 11:50:43', 'Jam Tangan', 18),
(319, 157, '2024-09-03 11:51:27', 'Tali Jam', 60),
(320, 158, '2024-09-03 11:51:42', 'Tali Jam', 22),
(321, 156, '2024-09-03 11:52:03', 'Jam Tangan', 50),
(322, 155, '2024-09-03 11:52:24', 'Jam Tangan', 76),
(323, 148, '2024-09-03 11:53:53', 'Jam Tangan', 21),
(324, 148, '2024-09-03 11:54:04', 'Jam Tangan', 21),
(325, 174, '2024-09-03 11:54:38', 'Jam Tangan', 52),
(326, 154, '2024-09-03 11:55:02', 'Box', 200),
(327, 140, '2024-09-03 11:55:17', 'Jam Tangan', 43),
(328, 153, '2024-09-03 11:55:56', 'Jam Tangan', 26),
(329, 151, '2024-09-03 11:56:25', 'Jam Tangan', 20),
(330, 152, '2024-09-03 11:56:58', 'Jam Tangan', 21),
(331, 152, '2024-09-03 11:57:50', 'Jam Tangan', 21),
(332, 151, '2024-09-03 11:58:17', 'Jam Tangan', 28),
(333, 150, '2024-09-03 11:59:07', 'Jam Tangan', 39),
(334, 105, '2024-09-03 11:59:32', 'Jam Tangan', 32),
(335, 105, '2024-09-03 12:00:03', 'Jam Tangan', 32),
(336, 149, '2024-09-03 12:00:29', 'Jam Tangan', 25),
(337, 148, '2024-09-03 12:01:22', 'Jam Tangan', 21),
(338, 147, '2024-09-03 12:01:52', 'Jam Tangan', 25),
(339, 146, '2024-09-03 12:02:09', 'Jam Tangan', 32),
(340, 174, '2024-09-03 12:02:40', 'Jam Tangan', 52),
(341, 144, '2024-09-03 12:03:01', 'Jam Tangan', 16),
(342, 143, '2024-09-03 12:04:08', 'Jam Tangan', 17),
(343, 142, '2024-09-03 12:04:43', 'Jam Tangan', 63),
(344, 108, '2024-09-03 12:05:07', 'Jam Tangan', 128),
(345, 197, '2024-09-03 12:05:32', 'Jam Tangan', 47),
(346, 136, '2024-09-03 12:05:55', 'Jam Tangan', 90),
(347, 135, '2024-09-03 12:06:23', 'Jam Tangan', 42),
(348, 134, '2024-09-03 12:06:37', 'Jam Tangan', 52),
(349, 146, '2024-09-03 12:06:55', 'Jam Tangan', 26),
(350, 117, '2024-09-03 12:07:13', 'Jam Tangan', 34),
(351, 132, '2024-09-03 12:07:25', 'Jam Tangan', 39),
(352, 212, '2024-09-03 12:07:43', 'Jam Tangan', 62),
(353, 105, '2024-09-03 12:13:17', 'Jam Tangan', 64),
(354, 97, '2024-09-03 12:13:40', 'Jam Tangan', 22),
(355, 212, '2024-09-03 12:14:01', 'Jam Tangan', 10),
(356, 152, '2024-09-03 12:14:41', 'Jam Tangan', 43),
(357, 128, '2024-09-03 12:15:17', 'Jam Tangan', 78),
(358, 130, '2024-09-03 12:17:47', 'Jam Tangan', 50),
(359, 140, '2024-09-03 12:18:05', 'Jam Tangan', 26),
(360, 215, '2024-09-03 12:18:39', 'Jam Tangan', 48),
(361, 100, '2024-09-03 12:19:02', 'Jam Tangan', 33),
(362, 105, '2024-09-03 12:19:23', 'Jam Tangan', 42),
(363, 126, '2024-09-03 12:19:47', 'Jam Tangan', 64),
(364, 136, '2024-09-03 12:20:12', 'Jam Tangan', 66),
(365, 120, '2024-09-03 12:20:26', 'Jam Tangan', 77),
(366, 119, '2024-09-03 12:20:43', 'Jam Tangan', 22),
(367, 117, '2024-09-03 12:21:01', 'Jam Tangan', 26),
(368, 116, '2024-09-03 12:21:17', 'Jam Tangan', 32),
(369, 115, '2024-09-03 12:21:36', 'Jam Tangan', 36),
(370, 211, '2024-09-03 12:21:57', 'Jam Tangan', 18),
(371, 113, '2024-09-03 12:22:12', 'Jam Tangan', 50),
(372, 149, '2024-09-03 12:22:31', 'Jam Tangan', 62),
(373, 97, '2024-09-03 12:22:46', 'Jam Tangan', 27),
(374, 212, '2024-09-03 12:23:05', 'Jam Tangan', 26),
(375, 110, '2024-09-03 12:23:24', 'Jam Tangan', 32),
(376, 110, '2024-09-03 12:23:39', 'Jam Tangan', 32),
(377, 100, '2024-09-03 12:23:56', 'Jam Tangan', 42),
(378, 109, '2024-09-03 12:24:10', 'Jam Tangan', 53),
(379, 108, '2024-09-03 12:24:25', 'Jam Tangan', 54),
(380, 111, '2024-09-03 12:24:40', 'Jam Tangan', 12),
(381, 172, '2024-09-03 12:24:57', 'Jam Tangan', 35),
(382, 105, '2024-09-03 12:25:14', 'Jam Tangan', 52),
(383, 103, '2024-09-03 12:25:33', 'Jam Tangan', 25),
(384, 167, '2024-09-03 12:26:02', 'Jam Tangan', 45),
(385, 183, '2024-09-03 12:26:25', 'Jam Tangan', 53),
(386, 201, '2024-09-03 12:35:45', 'Jam Tangan', 5),
(387, 201, '2024-09-03 12:36:15', 'Jam Tangan', 26),
(388, 187, '2024-09-03 12:36:40', 'Jam Tangan', 24),
(389, 176, '2024-09-03 12:36:58', 'Jam Tangan', 37),
(390, 173, '2024-09-03 12:37:20', 'Jam Tangan', 46),
(391, 160, '2024-09-03 12:37:47', 'Jam Tangan', 32),
(392, 159, '2024-09-03 12:38:16', 'Jam Tangan', 32),
(393, 145, '2024-09-03 12:39:23', 'Jam Tangan', 28),
(394, 141, '2024-09-03 12:40:54', 'Jam Tangan', 37),
(395, 139, '2024-09-03 12:41:16', 'Jam Tangan', 32),
(396, 138, '2024-09-03 12:41:35', 'Jam Tangan', 16),
(397, 137, '2024-09-03 12:41:55', 'Jam Tangan', 46),
(398, 125, '2024-09-03 12:42:28', 'Jam Tangan', 61),
(399, 124, '2024-09-03 12:42:52', 'Jam Tangan', 31),
(400, 123, '2024-09-03 12:43:19', 'Jam Tangan', 71),
(401, 122, '2024-09-03 12:43:46', 'Jam Tangan', 28),
(402, 121, '2024-09-03 12:44:11', 'Jam Tangan', 23),
(403, 118, '2024-09-03 12:44:35', 'Jam Tangan', 17),
(404, 112, '2024-09-03 12:44:55', 'Jam Tangan', 24),
(405, 106, '2024-09-03 12:45:21', 'Jam Tangan', 121),
(406, 102, '2024-09-03 12:45:42', 'Jam Tangan', 56),
(407, 101, '2024-09-03 12:45:57', 'Jam Tangan', 44),
(408, 93, '2024-09-03 12:46:22', 'Jam Tangan', 84),
(409, 94, '2024-09-03 12:46:42', 'Jam Tangan', 57),
(410, 95, '2024-09-03 12:47:33', 'Jam Tangan', 33),
(411, 96, '2024-09-03 12:47:57', 'Jam Tangan', 12),
(412, 98, '2024-09-03 12:48:21', 'Jam Tangan', 127),
(413, 92, '2024-09-05 05:49:32', 'Jam Tangan', 32),
(414, 94, '2024-09-05 05:50:06', 'Jam Tangan', 67),
(415, 94, '2024-09-05 05:50:10', 'Jam Tangan', 67),
(416, 94, '2024-09-05 05:50:16', 'Jam Tangan', 67),
(417, 94, '2024-09-05 05:50:16', 'Jam Tangan', 67),
(418, 94, '2024-09-05 05:50:17', 'Jam Tangan', 67),
(419, 111, '2024-09-05 05:50:47', 'Jam Tangan', 56),
(420, 178, '2024-09-05 05:51:23', 'Jam Tangan', 43),
(421, 93, '2024-09-05 05:52:11', 'Jam Tangan', 39),
(422, 94, '2024-09-05 05:53:14', 'Jam Tangan', 78),
(423, 96, '2024-09-05 05:53:47', 'Jam Tangan', 78),
(424, 93, '2024-09-05 05:54:20', 'Jam Tangan', 67),
(425, 104, '2024-09-05 05:55:16', 'Jam Tangan', 58),
(426, 92, '2024-09-05 05:56:01', 'Jam Tangan', 78),
(427, 92, '2024-09-05 05:56:09', 'Jam Tangan', 78),
(428, 93, '2024-09-05 05:57:12', 'Jam Tangan', 67),
(429, 95, '2024-09-05 05:57:49', 'Jam Tangan', 43),
(430, 96, '2024-09-05 05:58:54', 'Jam Tangan', 32),
(431, 95, '2024-09-05 06:01:53', 'Jam Tangan', 65),
(432, 95, '2024-09-05 06:07:04', 'Jam Tangan', 54),
(433, 187, '2024-09-05 06:08:12', 'Jam Tangan', 56),
(434, 127, '2024-09-05 06:08:33', 'Jam Tangan', 78),
(435, 117, '2024-09-05 06:09:07', 'Jam Tangan', 56),
(436, 117, '2024-09-05 06:09:14', 'Jam Tangan', 56),
(437, 155, '2024-09-05 06:12:28', 'Jam Tangan', 78),
(438, 197, '2024-09-05 06:13:16', 'Jam Tangan', 87),
(439, 219, '2024-09-05 06:14:12', 'Jam Tangan', 78),
(440, 125, '2024-09-05 06:14:56', 'Jam Tangan', 69),
(441, 163, '2024-09-05 06:15:23', 'Jam Tangan', 53),
(442, 121, '2024-09-05 06:16:15', 'Jam Tangan', 75),
(443, 134, '2024-09-05 06:17:53', 'Jam Tangan', 67),
(444, 124, '2024-09-05 06:19:32', 'Jam Tangan', 78),
(445, 218, '2024-09-05 06:20:02', 'Jam Tangan', 65),
(446, 153, '2024-09-05 06:24:32', 'Jam Tangan', 67),
(447, 95, '2024-09-05 06:25:33', 'Jam Tangan', 89),
(448, 96, '2024-09-05 06:25:52', 'Jam Tangan', 98),
(449, 120, '2024-09-05 06:26:30', 'Jam Tangan', 87),
(450, 114, '2024-09-05 06:26:46', 'Jam Tangan', 90),
(451, 92, '2024-09-05 06:27:22', 'Jam Tangan', 99),
(452, 150, '2024-09-05 06:27:58', 'Jam Tangan', 87),
(453, 128, '2024-09-05 06:28:14', 'Jam Tangan', 89),
(454, 116, '2024-09-05 06:29:13', 'Jam Tangan', 79),
(455, 93, '2024-09-05 06:29:46', 'Jam Tangan', 90),
(456, 113, '2024-09-05 06:30:11', 'Jam Tangan', 91),
(457, 206, '2024-09-05 06:31:10', 'Jam Tangan', 92),
(458, 135, '2024-09-05 06:31:52', 'Jam Tangan', 87),
(459, 132, '2024-09-05 06:32:12', 'Jam Tangan', 79),
(460, 219, '2024-09-05 06:32:45', 'Jam Tangan', 78),
(461, 111, '2024-09-05 06:38:46', 'Jam Tangan', 98),
(462, 147, '2024-09-05 06:39:15', 'Jam Tangan', 67),
(463, 130, '2024-09-05 06:39:56', 'Jam Tangan', 67),
(464, 113, '2024-09-05 06:40:17', 'Jam Tangan', 88),
(465, 112, '2024-09-05 06:41:09', 'Jam Tangan', 87),
(466, 127, '2024-09-05 06:41:28', 'Jam Tangan', 98),
(467, 101, '2024-09-05 06:42:24', 'Jam Tangan', 97),
(468, 142, '2024-09-05 06:42:48', 'Jam Tangan', 98),
(469, 109, '2024-09-05 06:43:04', 'Jam Tangan', 98),
(470, 153, '2024-09-05 06:43:42', 'Jam Tangan', 98),
(471, 143, '2024-09-05 06:44:05', 'Jam Tangan', 99),
(472, 148, '2024-09-05 06:44:37', 'Jam Tangan', 79),
(473, 144, '2024-09-05 06:45:21', 'Jam Tangan', 79),
(474, 121, '2024-09-05 06:45:52', 'Jam Tangan', 98),
(475, 122, '2024-09-05 06:46:13', 'Jam Tangan', 98),
(476, 100, '2024-09-05 06:46:45', 'Jam Tangan', 83),
(477, 100, '2024-09-05 06:47:13', 'Jam Tangan', 79),
(478, 130, '2024-09-05 06:48:00', 'Jam Tangan', 97),
(479, 105, '2024-09-05 06:48:44', 'Jam Tangan', 98),
(480, 157, '2024-09-05 06:49:23', 'Tali Jam ', 89),
(481, 123, '2024-09-05 06:50:11', 'Jam Tangan', 98),
(482, 191, '2024-09-05 06:50:49', 'Jam Tangan', 127),
(483, 175, '2024-09-05 06:51:51', 'Jam Tangan', 111),
(484, 108, '2024-09-05 06:52:40', 'Jam Tangan', 121),
(485, 92, '2024-09-05 06:53:19', 'Jam Tangan', 121),
(486, 135, '2024-09-05 06:53:48', 'Jam Tangan', 98),
(487, 94, '2024-09-05 06:54:17', 'Jam Tangan', 78),
(488, 149, '2024-09-05 06:55:42', 'Jam Tangan', 79),
(489, 92, '2024-09-05 06:57:18', 'Jam Tangan', 89),
(490, 200, '2024-09-05 06:58:34', 'Jam Tangan', 79),
(491, 125, '2024-09-05 06:59:42', 'Jam Tangan', 98),
(492, 135, '2024-09-05 07:00:37', 'Jam Tangan', 78),
(493, 93, '2024-09-05 07:01:02', 'Jam Tangan', 211),
(494, 97, '2024-09-05 07:02:39', 'Jam Tangan', 113),
(495, 142, '2024-09-05 07:04:24', 'Jam Tangan', 89),
(496, 97, '2024-09-05 07:05:44', 'Jam Tangan', 112),
(497, 98, '2024-09-05 07:06:44', 'Jam Tangan', 115),
(498, 95, '2024-09-05 07:07:50', 'Jam Tangan', 124),
(499, 130, '2024-09-05 07:08:46', 'Jam Tangan', 132),
(500, 99, '2024-09-05 07:11:31', 'Jam Tangan', 121),
(501, 119, '2024-09-05 07:13:24', 'Jam Tangan', 132),
(502, 189, '2024-09-05 07:14:44', 'Jam Tangan', 143),
(503, 201, '2024-09-05 07:17:58', 'Jam Tangan', 154),
(504, 164, '2024-09-05 07:18:37', 'Jam Tangan', 154),
(505, 146, '2024-09-05 07:20:29', 'Jam Tangan', 98),
(506, 99, '2024-09-05 07:22:03', 'Jam Tangan', 111),
(507, 95, '2024-09-05 07:23:21', 'Jam Tangan', 147),
(508, 101, '2024-09-05 07:24:10', 'Jam Tangan', 135),
(509, 101, '2024-09-05 07:26:07', 'Jam Tangan', 143),
(510, 96, '2024-09-05 07:27:02', 'Jam Tangan', 132),
(511, 98, '2024-09-05 07:27:47', 'Jam Tangan', 156),
(512, 99, '2024-09-05 07:36:48', 'Jam Tangan', 145),
(513, 146, '2024-09-05 07:38:56', 'Jam Tangan', 132),
(514, 130, '2024-09-05 07:44:42', 'Jam Tangan', 165),
(515, 100, '2024-09-05 07:45:29', 'Jam Tangan', 134),
(516, 107, '2024-09-05 07:46:29', 'Jam Tangan', 171),
(517, 159, '2024-09-05 08:14:20', 'Jam Tangan', 97),
(518, 97, '2024-09-05 08:16:01', 'Jam Tangan', 122),
(519, 100, '2024-09-05 08:16:56', 'Jam Tangan', 97),
(520, 137, '2024-09-05 08:19:05', 'Jam Tangan', 132),
(521, 96, '2024-09-05 08:20:08', 'Jam Tangan', 134),
(522, 98, '2024-09-05 08:20:43', 'Jam Tangan', 154),
(523, 107, '2024-09-05 08:21:34', 'Jam Tangan', 149),
(524, 110, '2024-09-05 08:21:59', 'Jam Tangan', 176),
(525, 201, '2024-09-05 08:29:17', 'Jam Tangan', 121),
(526, 103, '2024-09-05 08:30:34', 'Jam Tangan', 142),
(527, 103, '2024-09-05 08:33:17', 'Jam Tangan', 154),
(528, 102, '2024-09-05 08:34:08', 'Jam Tangan', 178),
(529, 118, '2024-09-05 08:35:30', 'Jam Tangan', 179),
(530, 104, '2024-09-05 08:38:00', 'Jam Tangan', 134),
(531, 115, '2024-09-05 08:39:04', 'Jam Tangan', 111),
(532, 144, '2024-09-06 10:48:43', 'Jam Tangan', 58),
(533, 143, '2024-09-06 10:49:15', 'Jam Tangan', 77),
(534, 142, '2024-09-06 10:49:56', 'Jam Tangan', 121),
(535, 141, '2024-09-06 10:50:31', 'Jam Tangan', 43),
(536, 140, '2024-09-06 10:51:00', 'Jam Tangan', 60),
(537, 139, '2024-09-06 10:51:36', 'Jam Tangan', 32),
(538, 135, '2024-09-06 10:52:42', 'Jam Tangan', 118),
(539, 134, '2024-09-06 10:53:05', 'Jam Tangan', 32),
(540, 122, '2024-09-06 10:54:08', 'Jam Tangan', 46),
(541, 125, '2024-09-06 10:55:47', 'Jam Tangan', 23),
(542, 126, '2024-09-06 10:57:11', 'Jam Tangan', 174),
(543, 109, '2024-09-06 10:58:17', 'Jam Tangan', 51),
(544, 106, '2024-09-06 10:59:18', 'Jam Tangan', 18),
(545, 106, '2024-09-06 10:59:43', 'Jam Tangan', 27),
(546, 105, '2024-09-06 11:00:30', 'Jam Tangan', 27),
(547, 105, '2024-09-06 11:00:51', 'Jam Tangan', 32),
(548, 102, '2024-09-06 11:01:38', 'Jam Tangan', 68),
(549, 111, '2024-09-06 11:02:10', 'Jam Tangan', 37),
(550, 108, '2024-09-06 11:02:41', 'Jam Tangan', 27),
(551, 110, '2024-09-06 11:03:05', 'Jam Tangan', 122),
(552, 112, '2024-09-06 11:03:50', 'Jam Tangan', 188),
(553, 117, '2024-09-06 11:04:10', 'Jam Tangan', 44),
(554, 113, '2024-09-06 11:04:39', 'Jam Tangan', 16),
(555, 113, '2024-09-06 11:04:58', 'Jam Tangan', 57),
(556, 116, '2024-09-06 11:06:15', 'Jam Tangan', 32),
(557, 123, '2024-09-06 11:09:17', 'Jam Tangan', 177),
(558, 128, '2024-09-06 11:09:54', 'Jam Tangan', 90),
(559, 130, '2024-09-06 11:10:23', 'Jam Tangan', 133),
(560, 127, '2024-09-06 11:11:04', 'Jam Tangan', 68),
(561, 127, '2024-09-06 11:11:26', 'Jam Tangan', 16),
(562, 132, '2024-09-06 11:12:05', 'Jam Tangan', 174),
(563, 138, '2024-09-06 11:12:30', 'Jam Tangan', 18),
(564, 137, '2024-09-06 11:12:46', 'Jam Tangan', 32),
(565, 194, '2024-09-06 11:19:20', 'Jam Tangan', 200),
(566, 138, '2024-09-06 11:20:09', 'Jam Tangan', 176),
(567, 147, '2024-09-06 11:20:46', 'Jam Tangan', 132),
(568, 139, '2024-09-06 11:21:20', 'Jam Tangan', 68),
(569, 145, '2024-09-06 11:21:50', 'Jam Tangan', 270),
(570, 152, '2024-09-06 11:22:36', 'Jam Tangan', 97),
(571, 156, '2024-09-06 11:23:25', 'Jam Tangan', 50),
(572, 158, '2024-09-06 11:24:36', 'Jam Tangan', 56),
(573, 163, '2024-09-06 11:25:14', 'Jam Tangan', 34),
(574, 141, '2024-09-06 11:31:12', 'Jam Tangan', 200),
(575, 160, '2024-09-06 11:44:25', 'Jam Tangan', 200),
(576, 161, '2024-09-06 11:51:56', 'Jam Tangan', 127),
(577, 162, '2024-09-06 11:53:20', 'Jam Tangan', 80),
(578, 163, '2024-09-06 11:53:54', 'Jam Tangan', 32),
(579, 173, '2024-09-06 11:56:00', 'Jam Tangan', 70),
(580, 165, '2024-09-06 11:56:30', 'Jam Tangan', 71),
(581, 168, '2024-09-06 11:57:23', 'Jam Tangan', 26),
(582, 166, '2024-09-06 11:58:12', 'Jam Tangan', 80),
(583, 183, '2024-09-06 12:00:07', 'Jam Tangan', 37),
(584, 179, '2024-09-06 12:00:50', 'Jam Tangan', 53),
(585, 176, '2024-09-06 12:01:11', 'Jam Tangan', 180),
(586, 177, '2024-09-06 12:01:32', 'Jam Tangan', 200),
(587, 178, '2024-09-06 12:02:09', 'Jam Tangan', 60),
(588, 198, '2024-09-06 12:02:44', 'Jam Tangan', 105),
(589, 199, '2024-09-06 12:03:10', 'Jam Tangan', 57),
(590, 192, '2024-09-06 12:03:50', 'Jam Tangan', 50),
(591, 187, '2024-09-06 12:04:24', 'Jam Tangan', 160),
(592, 191, '2024-09-06 12:04:51', 'Jam Tangan', 80),
(593, 211, '2024-09-06 12:05:30', 'Jam Tangan', 170),
(594, 212, '2024-09-06 12:05:56', 'Jam Tangan', 250),
(595, 165, '2024-09-06 12:06:57', 'Jam Tangan', 222),
(596, 167, '2024-09-06 12:07:24', 'Jam Tangan', 150),
(597, 168, '2024-09-06 12:08:34', 'Jam Tangan', 132),
(598, 179, '2024-09-06 12:10:07', 'Jam Tangan', 180),
(599, 180, '2024-09-06 12:10:38', 'Jam Tangan', 250),
(600, 182, '2024-09-06 12:12:24', 'Jam Tangan', 130),
(601, 170, '2024-09-06 12:14:31', 'Jam Tangan', 90),
(602, 172, '2024-09-06 12:15:24', 'Jam Tangan', 50),
(603, 183, '2024-09-06 12:16:38', 'Jam Tangan', 170),
(604, 184, '2024-09-06 12:17:09', 'Jam Tangan', 200),
(605, 185, '2024-09-06 12:17:33', 'Jam Tangan', 85),
(606, 186, '2024-09-06 12:18:27', 'Jam Tangan', 40),
(607, 186, '2024-09-06 12:20:54', 'Jam Tangan', 180),
(608, 192, '2024-09-06 12:22:04', 'Jam Tangan', 300),
(609, 190, '2024-09-06 12:22:52', 'Jam Tangan', 70),
(610, 190, '2024-09-06 12:23:05', 'Jam Tangan', 32),
(611, 199, '2024-09-06 12:23:59', 'Jam Tangan', 250),
(612, 200, '2024-09-06 12:24:42', 'Jam Tangan', 70),
(613, 204, '2024-09-06 12:25:53', 'Jam Tangan', 306),
(614, 205, '2024-09-06 12:26:40', 'Jam Tangan', 90),
(615, 207, '2024-09-06 12:27:23', 'Jam Tangan', 100),
(616, 208, '2024-09-06 12:28:23', 'Jam Tangan', 37),
(617, 208, '2024-09-06 12:29:06', 'Jam Tangan', 100),
(618, 209, '2024-09-06 12:29:53', 'Jam Tangan', 100),
(619, 210, '2024-09-06 12:30:29', 'Jam Tangan', 300),
(620, 213, '2024-09-06 12:32:41', 'Jam Tangan', 120),
(621, 111, '2024-09-06 12:33:19', 'Jam Tangan', 80),
(622, 111, '2024-09-06 12:33:34', 'Jam Tangan', 16),
(623, 214, '2024-09-06 12:35:14', 'Jam Tangan', 250),
(624, 219, '2024-09-06 12:35:56', 'Jam Tangan', 54),
(625, 215, '2024-09-06 12:36:38', 'Jam Tangan', 180),
(626, 217, '2024-09-06 12:37:11', 'Jam Tangan', 66),
(627, 217, '2024-09-06 12:37:33', 'Jam Tangan', 90),
(628, 216, '2024-09-06 12:38:37', 'Jam Tangan', 280),
(629, 218, '2024-09-06 12:39:24', 'Jam Tangan', 200),
(630, 106, '2024-09-06 12:45:34', 'Jam Tangan', 80),
(631, 114, '2024-09-06 12:46:20', 'Jam Tangan', 100),
(632, 114, '2024-09-06 12:46:43', 'Jam Tangan', 80),
(633, 121, '2024-09-06 12:47:35', 'Jam Tangan', 24),
(634, 119, '2024-09-06 12:51:21', 'Jam Tangan', 80),
(635, 213, '2024-09-06 12:53:07', 'Jam Tangan', 100),
(636, 116, '2024-09-06 12:53:44', 'Jam Tangan', 80),
(637, 118, '2024-09-06 12:54:19', 'Jam Tangan', 20),
(638, 120, '2024-09-06 12:54:57', 'Jam Tangan', 46),
(639, 122, '2024-09-07 01:04:08', 'Jam Tangan', 32),
(640, 124, '2024-09-07 01:12:49', 'Jam Tangan', 44),
(641, 134, '2024-09-07 01:13:35', 'Jam Tangan', 70),
(642, 139, '2024-09-07 01:14:26', 'Jam Tangan', 100),
(643, 140, '2024-09-07 01:14:47', 'Jam Tangan', 90),
(644, 124, '2024-09-07 01:15:21', 'Jam Tangan', 83),
(645, 132, '2024-09-07 01:16:07', 'Jam Tangan', 18),
(646, 144, '2024-09-07 01:16:31', 'Jam Tangan', 62),
(647, 153, '2024-09-07 01:17:34', 'Jam Tangan', 20),
(648, 153, '2024-09-07 01:17:53', 'Jam Tangan', 12),
(649, 143, '2024-09-07 01:18:57', 'Jam Tangan', 12),
(650, 148, '2024-09-07 01:20:18', 'Jam Tangan', 56),
(651, 152, '2024-09-07 01:20:41', 'Jam Tangan', 21),
(652, 149, '2024-09-07 01:22:29', 'Jam Tangan', 37),
(653, 151, '2024-09-07 01:23:45', 'Jam Tangan', 100),
(654, 150, '2024-09-07 01:25:51', 'Jam Tangan', 100),
(655, 148, '2024-09-07 01:28:24', 'Jam Tangan', 50),
(656, 155, '2024-09-07 01:33:06', 'Jam Tangan', 90),
(657, 156, '2024-09-07 01:34:04', 'Jam Tangan', 120),
(658, 166, '2024-09-07 01:34:59', 'Jam Tangan', 57),
(659, 158, '2024-09-07 01:36:05', 'Tali Jam ', 70),
(660, 162, '2024-09-07 01:36:52', 'Jam Tangan', 200),
(661, 164, '2024-09-07 01:38:42', 'Jam Tangan', 90),
(662, 163, '2024-09-07 01:41:54', 'Jam Tangan', 70),
(663, 159, '2024-09-07 01:43:14', 'Jam Tangan', 100),
(664, 163, '2024-09-07 01:46:09', 'Jam Tangan', 13),
(665, 175, '2024-09-07 01:49:00', 'Jam Tangan', 23),
(666, 174, '2024-09-07 12:10:42', 'Jam Tangan', 90),
(667, 136, '2024-09-07 12:12:17', 'Jam Tangan', 70),
(668, 161, '2024-09-07 12:13:32', 'Jam Tangan', 57),
(669, 161, '2024-09-07 12:13:32', 'Jam Tangan', 57),
(670, 175, '2024-09-07 12:23:57', 'Jam Tangan', 100),
(671, 166, '2024-09-07 12:24:22', 'Jam Tangan', 90),
(672, 170, '2024-09-07 12:24:47', 'Jam Tangan', 55),
(673, 182, '2024-09-07 12:25:23', 'Jam Tangan', 42),
(674, 173, '2024-09-07 12:25:52', 'Jam Tangan', 32),
(675, 168, '2024-09-07 12:26:22', 'Jam Tangan', 73),
(676, 172, '2024-09-07 12:26:43', 'Jam Tangan', 102),
(677, 174, '2024-09-07 12:27:14', 'Jam Tangan', 57),
(678, 171, '2024-09-07 12:27:55', 'Jam Tangan', 80),
(679, 189, '2024-09-07 12:28:26', 'Jam Tangan', 18),
(680, 189, '2024-09-07 12:29:51', 'Jam Tangan', 57),
(681, 208, '2024-09-07 12:30:29', 'Jam Tangan', 150),
(682, 200, '2024-09-07 12:31:02', 'Jam Tangan', 200),
(683, 198, '2024-09-07 12:31:22', 'Jam Tangan', 37),
(684, 207, '2024-09-07 12:32:13', 'Jam Tangan', 24),
(685, 207, '2024-09-07 12:32:42', 'Jam Tangan', 42),
(686, 194, '2024-09-07 12:33:29', 'Jam Tangan', 87),
(687, 205, '2024-09-07 12:34:43', 'Jam Tangan', 27),
(688, 198, '2024-09-07 12:35:11', 'Jam Tangan', 21),
(689, 206, '2024-09-07 12:36:20', 'Jam Tangan', 54),
(690, 205, '2024-09-07 12:36:48', 'Jam Tangan', 76),
(691, 213, '2024-09-07 12:37:17', 'Jam Tangan', 66),
(692, 113, '2024-09-07 12:47:15', 'Jam Tangan', 412),
(693, 200, '2024-09-07 12:47:38', 'Jam Tangan', 200),
(694, 207, '2024-09-07 12:48:02', 'Jam Tangan', 250),
(695, 198, '2024-09-07 12:49:19', 'Jam Tangan', 157),
(696, 190, '2024-09-07 12:50:44', 'Jam Tangan', 220),
(697, 185, '2024-09-07 12:51:06', 'Jam Tangan', 250),
(698, 182, '2024-09-07 12:51:35', 'Jam Tangan', 130),
(699, 178, '2024-09-07 12:52:06', 'Jam Tangan', 240),
(700, 174, '2024-09-07 12:52:40', 'Jam Tangan', 120),
(701, 173, '2024-09-07 12:53:18', 'Jam Tangan', 83),
(702, 172, '2024-09-07 12:53:40', 'Jam Tangan', 113),
(703, 171, '2024-09-07 12:54:07', 'Jam Tangan', 145),
(704, 170, '2024-09-07 12:54:40', 'Jam Tangan', 121),
(705, 104, '2024-09-07 15:21:20', 'Jam Tangan', 250),
(706, 121, '2024-09-07 15:21:52', 'Jam Tangan', 160),
(707, 120, '2024-09-07 15:22:18', 'Jam Tangan', 180),
(708, 117, '2024-09-07 15:22:45', 'Jam Tangan', 170),
(709, 116, '2024-09-07 15:23:16', 'Jam Tangan', 190),
(710, 114, '2024-09-07 15:23:46', 'Jam Tangan', 156),
(711, 112, '2024-09-07 15:24:16', 'Jam Tangan', 200),
(712, 134, '2024-09-07 15:24:42', 'Jam Tangan', 190),
(713, 132, '2024-09-07 15:25:09', 'Jam Tangan', 200),
(714, 127, '2024-09-07 15:25:50', 'Jam Tangan', 190),
(715, 121, '2024-09-07 15:26:23', 'Jam Tangan', 178),
(716, 152, '2024-09-07 15:27:01', 'Jam Tangan', 180),
(717, 148, '2024-09-07 15:27:51', 'Jam Tangan', 199),
(718, 156, '2024-09-07 15:28:38', 'Jam Tangan', 190),
(719, 174, '2024-09-07 15:29:21', 'Jam Tangan', 250),
(720, 167, '2024-09-07 15:29:46', 'Jam Tangan', 167),
(721, 213, '2024-09-07 15:30:15', 'Jam Tangan', 170),
(722, 136, '2024-09-08 00:37:33', 'Jam Tangan', 77),
(723, 132, '2024-09-08 00:38:00', 'Jam Tangan', 41),
(724, 171, '2024-09-08 00:38:26', 'Jam Tangan', 18),
(725, 105, '2024-09-08 00:38:53', 'Jam Tangan', 12),
(726, 94, '2024-09-08 00:39:16', 'Jam Tangan', 32),
(727, 136, '2024-09-08 00:39:39', 'Jam Tangan', 32),
(728, 136, '2024-09-08 00:40:47', 'Jam Tangan', 16),
(729, 136, '2024-09-08 00:41:11', 'Jam Tangan', 12),
(730, 153, '2024-09-08 00:45:56', 'Jam Tangan', 53),
(731, 140, '2024-09-08 00:46:21', 'Jam Tangan', 20),
(732, 126, '2024-09-08 00:47:06', 'Jam Tangan', 18),
(733, 126, '2024-09-08 00:47:38', 'Jam Tangan', 8),
(734, 124, '2024-09-08 00:48:07', 'Jam Tangan', 27),
(735, 138, '2024-09-08 00:48:38', 'Jam Tangan', 12),
(736, 139, '2024-09-08 00:49:18', 'Jam Tangan', 13),
(737, 137, '2024-09-08 00:49:45', 'Jam Tangan', 67),
(738, 153, '2024-09-08 00:50:27', 'Jam Tangan', 17);

-- --------------------------------------------------------

--
-- Struktur dari tabel `returjual`
--

CREATE TABLE `returjual` (
  `idreturj` int(11) NOT NULL,
  `idproduct` int(11) NOT NULL,
  `tanggal` timestamp NOT NULL DEFAULT current_timestamp(),
  `idcustomer` int(11) NOT NULL,
  `qtybefore_jual` varchar(50) NOT NULL,
  `qtyretur_jual` varchar(50) NOT NULL,
  `keterangan` varchar(50) NOT NULL,
  `qtyafter_jual` varchar(50) NOT NULL
) ENGINE=InnoDB DEFAULT CHARSET=utf8mb4;

--
-- Dumping data untuk tabel `returjual`
--

INSERT INTO `returjual` (`idreturj`, `idproduct`, `tanggal`, `idcustomer`, `qtybefore_jual`, `qtyretur_jual`, `keterangan`, `qtyafter_jual`) VALUES
(7, 174, '2024-09-07 15:33:04', 34, '333', '45', 'Rusak', '378'),
(8, 198, '2024-09-07 15:34:11', 25, '294', '17', 'Rusak', '311'),
(9, 194, '2024-09-07 15:35:20', 31, '193', '12', 'Pecah', '205'),
(10, 105, '2024-09-07 15:35:51', 23, '213', '32', 'Rusak', '245'),
(11, 204, '2024-09-07 15:36:51', 27, '305', '26', 'Pecah', '331'),
(12, 151, '2024-09-07 15:37:14', 27, '225', '28', 'Rusak', '253'),
(13, 207, '2024-09-07 15:37:36', 21, '244', '43', 'Pecah', '287'),
(14, 171, '2024-09-07 15:38:36', 35, '277', '28', 'pecah dan rusak', '305'),
(15, 198, '2024-09-07 15:39:03', 25, '311', '27', 'Rusak', '338'),
(16, 178, '2024-09-07 15:39:36', 33, '319', '12', 'Pecah', '331'),
(17, 105, '2024-09-07 15:40:07', 23, '245', '32', 'pecah dan rusak', '277'),
(18, 213, '2024-09-07 15:40:35', 23, '180', '50', 'Pecah', '230'),
(19, 198, '2024-09-07 15:41:52', 41, '338', '27', 'Rusak dan Pecah', '365'),
(20, 104, '2024-09-07 15:42:33', 44, '326', '48', 'Rusak dan Pecah', '374'),
(21, 109, '2024-09-07 15:43:06', 49, '84', '43', 'Rusak dan Pecah', '127'),
(22, 204, '2024-09-07 15:43:26', 27, '331', '26', 'Rusak', '357'),
(23, 104, '2024-09-07 15:43:50', 46, '374', '48', 'Rusak dan Pecah', '422'),
(24, 198, '2024-09-07 15:44:21', 34, '365', '27', 'Pecah', '392'),
(25, 174, '2024-09-07 15:44:49', 19, '378', '52', 'Rusak dan Pecah', '430'),
(26, 207, '2024-09-07 15:45:23', 32, '287', '30', 'Rusak', '317'),
(27, 171, '2024-09-07 15:46:21', 28, '305', '28', 'Rusak', '333'),
(28, 213, '2024-09-07 15:47:02', 40, '230', '50', 'Rusak dan Pecah', '280'),
(29, 178, '2024-09-07 15:47:39', 33, '331', '12', 'Pecah', '343'),
(30, 207, '2024-09-07 15:48:06', 21, '317', '43', 'Rusak dan Pecah', '360'),
(31, 109, '2024-09-07 15:48:43', 29, '127', '2', 'Pecah', '129'),
(32, 174, '2024-09-07 15:49:13', 26, '430', '10', 'Rusak', '440'),
(33, 113, '2024-09-07 15:49:44', 47, '618', '5', 'Pecah', '623'),
(34, 132, '2024-09-07 15:50:08', 43, '374', '5', 'Rusak', '379'),
(35, 134, '2024-09-07 15:50:33', 39, '211', '6', 'Pecah', '217'),
(36, 150, '2024-09-07 15:50:53', 45, '106', '9', 'Rusak dan Pecah', '115'),
(37, 141, '2024-09-07 15:51:18', 42, '213', '2', 'Rusak', '215'),
(38, 126, '2024-09-07 15:51:41', 34, '133', '4', 'Pecah', '137'),
(39, 147, '2024-09-07 15:52:19', 27, '109', '5', 'Rusak', '114');

-- --------------------------------------------------------

--
-- Struktur dari tabel `returkembali`
--

CREATE TABLE `returkembali` (
  `idreturk` int(11) NOT NULL,
  `idproduct` int(11) NOT NULL,
  `tanggal` timestamp NOT NULL DEFAULT current_timestamp(),
  `qtybefore` varchar(50) NOT NULL,
  `qtyretur` varchar(50) NOT NULL,
  `keterangan` varchar(50) NOT NULL,
  `qtyafter` varchar(50) NOT NULL
) ENGINE=InnoDB DEFAULT CHARSET=utf8mb4;

--
-- Dumping data untuk tabel `returkembali`
--

INSERT INTO `returkembali` (`idreturk`, `idproduct`, `tanggal`, `qtybefore`, `qtyretur`, `keterangan`, `qtyafter`) VALUES
(25, 99, '2024-09-03 11:06:56', '70', '6', 'Rusak', '64'),
(26, 105, '2024-09-03 11:17:35', '160', '20', 'Jam Tangan', '140'),
(27, 219, '2024-09-03 11:29:27', '65', '15', 'Rusak dan Pecah', '50'),
(28, 114, '2024-09-03 11:35:23', '19', '6', 'Rusak', '13'),
(29, 146, '2024-09-03 11:44:39', '16', '6', 'Rusak dan Pecah', '10'),
(30, 144, '2024-09-03 12:03:36', '16', '6', 'Pecah', '10'),
(31, 128, '2024-09-03 12:16:47', '78', '15', 'Rusak dan Pecah', '63'),
(32, 140, '2024-09-03 12:18:20', '69', '10', 'Rusak dan Pecah', '59'),
(33, 151, '2024-09-07 01:24:29', '232', '7', 'Rusak', '225');

-- --------------------------------------------------------

--
-- Struktur dari tabel `stock`
--

CREATE TABLE `stock` (
  `idproduct` int(11) NOT NULL,
  `namaproduct` varchar(100) NOT NULL,
  `deskripsi` varchar(25) NOT NULL,
  `stockproduct` int(11) NOT NULL,
  `satuan` varchar(25) NOT NULL,
  `image` varchar(99) DEFAULT NULL,
  `harga` bigint(20) NOT NULL,
  `status` enum('aktif','nonaktif') DEFAULT 'aktif'
) ENGINE=InnoDB DEFAULT CHARSET=utf8mb4;

--
-- Dumping data untuk tabel `stock`
--

INSERT INTO `stock` (`idproduct`, `namaproduct`, `deskripsi`, `stockproduct`, `satuan`, `image`, `harga`, `status`) VALUES
(92, 'DGC - Square (Couple Version)', 'jam tangan', 365, 'pcs', '763106894768f3173e4752297f968fb5.jpg', 50000, 'aktif'),
(93, 'Apple Square TS - (UNISEX)', 'jam tangan', 443, 'pcs', '939ea254a5b29d402b1a84a2ce376eb2.jpg', 50000, 'aktif'),
(94, 'DGC - ROUND ( KOREAN VERSION)', 'jam tangan', 396, 'pcs', '44944efe3711bc47f2ace17a3a428c6c.jpg', 50000, 'aktif'),
(95, 'DGC SQUARE ( KOREAN VERSION)', 'jam tangan', 261, 'pcs', '9f89039b5087a3d802d9f3061437800e.jpg', 50000, 'aktif'),
(96, 'Alba Strap Chain - ( Couple Version )', 'jam tangan', 298, 'pcs', '9165a39699c3aea3878f16046d0feef2.jpg', 50000, 'aktif'),
(97, 'AIQINUO - ROUND (UNISEX)', 'jam tangan', 145, 'pcs', 'd9b1da296e301dc662339a1fef02e771.jpg', 50000, 'aktif'),
(98, 'Calvin Klein (Retro Version)', 'jam tangan', 523, 'pcs', '58045c80aa4490534a140597af70dff1.jpg', 50000, 'aktif'),
(99, 'No Brand Analog (couple Version)', 'jam tangan', 475, 'pcs', 'e533f20150a249d63925d9f34c3651cd.jpg', 50000, 'aktif'),
(100, 'Casio Strap Chain (Unisex)', 'jam tangan', 380, 'pcs', '25061ca453fd30035a3dedaab4979d41.jpg', 50000, 'aktif'),
(101, 'No brand - Boys Character', 'jam tangan', 279, 'pcs', 'a4c75a2867728310f6286c6a97ddad22.jpg', 45000, 'aktif'),
(102, 'No brand - Girls Character', 'jam tangan', 259, 'pcs', '2a91f5ef200aac121590291c8d691e20.jpg', 45000, 'aktif'),
(103, 'Digital Anti Air Rubber Electronic (Unisex)', 'jam tangan', 321, 'pcs', '6fca5fef04dc75c0aef02f2305fcb8e5.jpg', 50000, 'aktif'),
(104, 'Jam Tangan Gelang Wanita ( Korean Style) ', 'jam tangan', 422, 'pcs', '0e8fee5deba8b7161d7099a51f9eaf0b.jpg', 50000, 'aktif'),
(105, 'Alba - Vintage Casual - Couple Version', 'jam tangan', 289, 'pcs', '7c410129bff0b57a34d0e725480c5414.jpg', 50000, 'aktif'),
(106, 'Ganeva - Unisex - Casual', 'jam tangan', 29, 'pcs', '8a73edbb101572099179ff26ca277136.jpg', 50000, 'aktif'),
(107, 'Seiko ( Couple )', 'jam tangan', 234, 'pcs', 'bfd7db8d7429edd4527437bb7c688a2c.jpg', 50000, 'aktif'),
(108, 'Swiss Army (Couple Version)', 'jam tangan', 293, 'pcs', '0be44bdd9689550866cd3a74fdedab9f.jpg', 50000, 'aktif'),
(109, 'Quartz - Kain Kanvas', 'jam tangan', 124, 'pcs', 'b19756576d71dcb71ef5e42512043d73.jpg', 75000, 'aktif'),
(110, 'Seiko Mini ', 'jam tangan', 273, 'pcs', '09e15ed9cd485cf9a3ec973cf762cbce.jpg', 50000, 'aktif'),
(111, 'Seiko - Casual Version', 'jam tangan', 252, 'pcs', '10441ea899a92d7a0ac619f1c1ef062b.jpg', 50000, 'aktif'),
(112, 'Q&Q BW-16', 'jam tangan', 272, 'pcs', '463cc08c814ad7fba86e01ae2fde75cc.jpg', 100000, 'aktif'),
(113, 'Ripcurl Strap Kulit', 'jam tangan', 623, 'pcs', '05f4060080940aae74bf217416381d6a.jpg', 120000, 'aktif'),
(114, 'Lasika L8110 Water Resist', 'jam tangan', 193, 'pcs', '49886632040d8f856fadc6eb462dc8cf.jpg', 100000, 'aktif'),
(115, 'Geneva Diamond Strap Rantai Logam', 'jam tangan', 230, 'pcs', 'c0d14b28c17fa4952da93ff2e2169584.jpg', 50000, 'aktif'),
(116, 'S-Sport HONHX ', 'jam tangan', 220, 'pcs', '5968f603acef386aa69a58a43e55dfad.jpg', 120000, 'aktif'),
(117, 'LASIKA BIG SIZE', 'jam tangan', 217, 'pcs', '126675732b0bf4d0bf405823f7a8737d.jpg', 150000, 'aktif'),
(118, 'Swiss Army - Beneton Analog', 'jam tangan', 160, 'pcs', '7e33f501de42fa507f263e3a40e231bc.jpg', 100000, 'aktif'),
(119, 'Swiss Army Premium', 'jam tangan', 178, 'pcs', '2dc4cb69cbc781e00b047a8713d6ecae.jpg', 120000, 'aktif'),
(120, 'Candycat', 'jam tangan', 203, 'pcs', '7de5c6aa541ae4f74e50e1f3effb22ee.jpg', 55000, 'aktif'),
(121, 'Jam Analog Rantai Stainless Steel Pasir  (Romawi Version) ', 'jam tangan', 353, 'pcs', '0281b81348dbf5aa23359d9f4ce84a7e.jpg', 50000, 'aktif'),
(122, 'Jam Analog Rantai Stainless Steel Pasir (Balok Version)', 'jam tangan', 42, 'pcs', '083d91a8e864326f319d034cdc0c4454.jpg', 50000, 'aktif'),
(123, 'Jam  Analog Rantai Stainless Steel Pasir  (Number Version)', 'jam tangan', 202, 'pcs', '2fdb5163531596a7c08b6d22288eb364.png', 50000, 'aktif'),
(124, 'Jam Rubber Touch Screen', 'jam tangan', 139, 'pcs', 'eb2f104d0fa48a2d7bea43af79b590b0.png', 50000, 'aktif'),
(125, 'Couple Digital Rubber LE  Kotak ', 'jam tangan', 169, 'pcs', 'd3ea365176a662961d7c7166a8a1af45.jpg', 50000, 'aktif'),
(126, 'Couple Alba Rantai ', 'jam tangan', 163, 'pcs', '34141dc414e8f7acf46b09571979337f.jpg', 50000, 'aktif'),
(127, 'Couple Alba Rantai Hitam ', 'jam tangan', 371, 'pcs', '878835734bc8318739c2fdeb54c77ada.jpg', 50000, 'aktif'),
(128, 'Jam Tangan Rolex Couple Version Chrono', 'jam tangan', 242, 'pcs', '6fd2ade3799cbb0d342bbd682dedda92.jpg', 100000, 'aktif'),
(130, 'No brand - Analog A503902', 'jam tangan', 594, 'pcs', 'ddd9313c35e86a0373ed0f0c6200293c.jpg', 50000, 'aktif'),
(132, 'Sunto', 'jam tangan', 420, 'pcs', '8e47dde03249584c3e988b2d3d729736.jpg', 75000, 'aktif'),
(134, 'Hush Puppies', 'jam tangan', 217, 'pcs', 'f8c63cbb4bad816e58c13afe2aac58e1.png', 60000, 'aktif'),
(135, ' LED Rubber Couple ', 'jam tangan', 359, 'pcs', 'd151ffee1546990c4fa1283e5d950b2f.png', 50000, 'aktif'),
(136, 'LED Digital Rubber Electronic Fashion ', 'jam tangan', 137, 'pcs', '111e344e9d0d5722c3cee86a9093c24d.jpg', 50000, 'aktif'),
(137, 'DW', 'jam tangan', 187, 'pcs', '559dde7421bae77a4f03309c46b15c77.jpg', 50000, 'aktif'),
(138, 'Alba', 'jam tangan', 128, 'pcs', 'b22247637d742aa5e9bec8ad7e5ad017.jpg', 55000, 'aktif'),
(139, 'Quicksilver', 'jam tangan', 119, 'pcs', 'bfa841f33893dcd818d39650cd04d460.jpg', 100000, 'aktif'),
(140, 'Vr19', 'jam tangan', 61, 'pcs', 'a0b1ea64ba4b86ec2fc8e655ce0c8f77.jpg', 55000, 'aktif'),
(141, 'Swiss Army Couple - Swiss Army', 'jam tangan', 215, 'pcs', '188e80950442859e7f138e75a799868e.jpg', 100000, 'aktif'),
(142, 'Jam Tangan Digital LED COUPLE Elektronik Anak Remaja', 'jam tangan', 371, 'pcs', 'de4224ad5c249c41ff2a0b26a5d6df4d.jpg', 50000, 'aktif'),
(143, 'Sunto Round', 'jam tangan', 124, 'pcs', '58ba6eaa29c2a4f7bda2e885cd29982c.jpg', 65000, 'aktif'),
(144, 'Dgc', 'jam tangan', 101, 'pcs', '6201e5ce824f2196070f263924acb26c.jpg', 50000, 'aktif'),
(145, 'G Fashion watch', 'jam tangan', 298, 'pcs', '9d9ddb2a881d45c927fc8ff55ea20a36.jpg', 50000, 'aktif'),
(146, 'Alba Couple Mini', 'jam tangan', 298, 'pcs', '56c7b717007df5d52487581eb5048875.jpg', 50000, 'aktif'),
(147, 'Q&Q Dark Blue', 'jam tangan', 114, 'pcs', 'd89449ed08f8aa0b69049bf128ff7a4a.jpg', 120000, 'aktif'),
(148, 'Swiss-Time polos couple', 'jam tangan', 176, 'pcs', '6aead147952cdc83de9a5d234aae556f.jpg', 50000, 'aktif'),
(149, 'Q&Q K-Sport', 'jam tangan', 133, 'pcs', '1e26154d7ce324a961845ffb3c68a6db.jpg', 120000, 'aktif'),
(150, 'DW Couple Silver', 'jam tangan', 115, 'pcs', '4101535807f1432d37da6c360cdc099f.jpg', 50000, 'aktif'),
(151, 'Alba Couple Klasik', 'jam tangan', 253, 'pcs', '9054af7f9289cb92c1f559fdc46a7dfc.jpg', 50000, 'aktif'),
(152, 'Jam Tangan Anak-anak Musik Digital Medium Karakter Cowok', 'jam tangan', 383, 'pcs', '9caf88057cb332571529d4eed0a87ca9.jpg', 50000, 'aktif'),
(153, 'Jam Tangan Magnet LED Digital Touch Screen', 'jam tangan', 148, 'pcs', '572b8c5acb5384bc42832b9216007a07.jpg', 50000, 'aktif'),
(154, 'Box', 'Box', 160, 'pcs', '011e4a4157af4c5f485a05993288355f.jpg', 25000, 'aktif'),
(155, 'Jam Tangan RM Sport Karet Anti Air', 'jam tangan', 212, 'pcs', 'da476648c18eae6fe2585bfab7d2bf81.jpg', 65000, 'aktif'),
(156, 'Quartz Strap PU Analog Round', 'jam tangan', 250, 'pcs', 'eb64e3989ca683987bb7829cf5845128.jpg', 50000, 'aktif'),
(157, 'Strap Tali Kulit', 'tali jam ', 149, 'pcs', '0c13948523bb03776a5a77ecbf6d396b.jpg', 35000, 'aktif'),
(158, 'Strap Tali Kulit 2', 'tali jam ', 136, 'pcs', 'ca9bfc6aeff5673d180a43ecd9a20b1e.jpg', 35000, 'aktif'),
(159, 'No Brand Quartz Couple', 'jam tangan', 141, 'pcs', '9a7a4458dc4b4ebf59b2ad02850fb3ee.jpg', 50000, 'aktif'),
(160, 'Jam Tangan Magnet Rantai Analog  motif', 'jam tangan', 232, 'pcs', '9f286e23298ea702a473f497a3ac651b.jpg', 50000, 'aktif'),
(161, 'Jam Tangan Wanita Magnet Rantai Analog', 'jam tangan', 255, 'pcs', 'aeca307684d8c7785fe5e835137b597e.jpg', 50000, 'aktif'),
(162, 'Jam Tangan Pria Sporty Strap Rantai Steel QS Chronicle', 'Jam Tangan', 203, 'pcs', '01601ac6f46da6deb4f3b188f66864f1.jpg', 100000, 'aktif'),
(163, 'Swiss Army Kain Kanvas Premium ', 'jam tangan', 211, 'pcs', '99520f8a9ce311bfb9dde050cce5d40e.jpg', 120000, 'aktif'),
(164, 'Swiss Army mini Tali Rubber Beneton', 'jam tangan', 193, 'pcs', '725e3187be09acf5b417808e48f574e7.jpg', 110000, 'aktif'),
(165, ' Divigo  ', 'jam tangan', 266, 'pcs', '65882be9015c8c5f09e32869e096c923.jpg', 150000, 'aktif'),
(166, 'Apple Touch Screen Digital Rubber AP15', 'jam tangan', 155, 'pcs', 'e80587969cfdc35a5d2be0e8b0a8bd6b.jpg', 50000, 'aktif'),
(167, 'Quartz gelang jam', 'jam tangan', 255, 'pcs', '82ff301ffaed99a87725345086522084.jpg', 50000, 'aktif'),
(168, 'Jam Tangan Pria Quicksilver Digital Sport Kotak', 'jam tangan', 175, 'pcs', '8b7a9224a9890d19cb6c12de36d2a24e.jpg', 85000, 'aktif'),
(170, 'LED Square Watch Digital Strap Rubber', 'jam tangan', 157, 'pcs', 'b91e820de8ad3e0d171e62ca6d645b92.jpg', 50000, 'aktif'),
(171, 'Jam Tangan Anak Karakter Premium', 'jam tangan', 351, 'pcs', 'f003afb4d2a85927d22e1d286384f453.jpg', 65000, 'aktif'),
(172, 'Geneva', 'jam tangan', 186, 'pcs', '3da49b4ab32240938caa211e30763db8.jpg', 50000, 'aktif'),
(173, 'Geneva Motif', 'jam tangan', 208, 'pcs', '49b3147b3aecf773df81c2b9e32894b3.jpg', 50000, 'aktif'),
(174, 'Quartz Fashion Watch', 'jam tangan', 440, 'pcs', '8d98fd250783b8487df30cfe5c08a1ba.jpg', 50000, 'aktif'),
(175, 'Jam Tangan Couple Digital Rubber Sport Bulat LED', 'jam tangan', 216, 'pcs', 'f30c82867bcb58179a5fe2a7d591346b.jpg', 65000, 'aktif'),
(176, 'Honhx', 'jam tangan', 173, 'pcs', '7cfd81835554c647d1268aa2e50a55fc.jpg', 65000, 'aktif'),
(177, 'Quicksilver Romawi', 'jam tangan', 201, 'pcs', 'c14a16e10cb91b7180c7e3d85c616035.jpg', 100000, 'aktif'),
(178, 'Jam Tangan Pria Analog Quartz Stainless ', 'jam tangan', 343, 'pcs', 'b24a9aa2ae9a4da283f02b54f81e4078.jpg', 50000, 'aktif'),
(179, 'Geneva Couple Bulat Romawi Stainless ', 'jam tangan', 253, 'pcs', '6b83d4f8009c830330e6185a821ae61e.jpg', 65000, 'aktif'),
(180, 'Quartz Casual Fashion Strap Stainless ', 'jam tangan', 273, 'pcs', '260d96bae00be9b67ee4575c4ee786b2.jpg', 50000, 'aktif'),
(182, 'Quicksilver Surf Sport Analog Kulit ', 'jam tangan', 320, 'pcs', '9032c051764aaeb79e4d7135bc8b6a5b.jpg', 110000, 'aktif'),
(183, 'Jam Tangan Anak', 'jam tangan', 181, 'pcs', '19ec05a54ed1c089b0e77972e29e7f87.jpg', 50000, 'aktif'),
(184, 'Jam tangan Anak Melodi laser', 'jam tangan', 243, 'pcs', '76ecce1096636d4a0e84625cfcf20ff0.jpg', 50000, 'aktif'),
(185, 'C-Shock Q&Q ', 'jam tangan', 377, 'pcs', 'ad7b412767a11e433eff894d2f05f3e9.jpg', 100000, 'aktif'),
(186, 'Jam Tangan Cermin Persegi Couple', 'jam tangan', 230, 'pcs', '3d1079096a5bfd879b3e81dd57659027.jpg', 60000, 'aktif'),
(187, 'Kids Mini', 'jam tangan', 240, 'pcs', '693f8ec9b51b85dd4784537e23ddac9b.jpg', 40000, 'aktif'),
(189, 'No Brand  TS', 'jam tangan', 244, 'pcs', 'e48bf895a1e9bc99285fd261eaf40e79.jpg', 55000, 'aktif'),
(190, 'Apple Square', 'jam tangan', 338, 'pcs', '8e4c7e11a8923f4e6febbfed29423938.jpg', 50000, 'aktif'),
(191, 'DGC Square Couple', 'jam tangan', 173, 'pcs', 'd79416d85668ed6525265b620951eeea.jpg', 55000, 'aktif'),
(192, 'Swiss Time Couple', 'jam tangan', 382, 'pcs', '8574abdc48067e9ba7af78d42329f4f4.jpg', 55000, 'aktif'),
(194, 'Swiss Time Medium Couple', 'jam tangan', 205, 'pcs', '49ec4b6f46f730a80c9c5dc9efff2463.jpg', 65000, 'aktif'),
(197, 'DW Couple Black', 'jam tangan', 178, 'pcs', '27a60500769121687b33f1236283ce3d.jpg', 50000, 'aktif'),
(198, 'Guess Bulat', 'jam tangan', 392, 'pcs', 'feacc580fff441a41942202946b6d01d.jpg', 50000, 'aktif'),
(199, 'Apple TC Square Round Magnet ', 'jam tangan', 270, 'pcs', '5b337ba55d38e273bdfaea54f27656a0.jpg', 60000, 'aktif'),
(200, 'Guess Square', 'jam tangan', 575, 'pcs', '1684a8962cc4c599464088f395b4ba6f.jpg', 50000, 'aktif'),
(201, 'No Brand', 'jam tangan', 306, 'pcs', '756d53295cf4170b3e1131ba4456493d.jpg', 55000, 'aktif'),
(204, 'Guess Kotak Panjang ', 'jam tangan', 357, 'pcs', '5599a3c478047f2dc881405f02c30c1f.jpg', 65000, 'aktif'),
(205, 'Guess Retro Kulit', 'jam tangan', 137, 'pcs', 'adf4e370d2bda576beaf0aa306b3cde8.jpg', 60000, 'aktif'),
(206, 'Guess Rubber Analog Quartz Watch', 'jam tangan', 174, 'pcs', 'b8722f51966eeb6ee75c13b80af5af07.jpg', 50000, 'aktif'),
(207, 'Apple TC Square Round Rubber', 'jam tangan', 360, 'pcs', '617e6a32dd5eef341542cfd88b7acc59.jpg', 55000, 'aktif'),
(208, 'Gelang Mini', 'jam tangan', 140, 'pcs', 'a1333a3c95d4a44db018cef3bd494458.jpg', 55000, 'aktif'),
(209, 'Sony Baterries', 'baterri', 134, 'pcs', '424e0d203efbfd5bc43227e5fe410004.jpg', 35000, 'aktif'),
(210, 'Alba Square Vintage', 'jam tangan', 332, 'pcs', '719f7f5e4739659b279f60b68a89378c.jpg', 55000, 'aktif'),
(211, 'Lasika K-sport', 'jam tangan', 153, 'pcs', '782f5d9d6d06b353a023e268b76c170a.jpg', 110000, 'aktif'),
(212, 'Water Ressist Sport', 'jam tangan', 268, 'pcs', '0a58a9183a55e4cd22a931876b76d2a9.jpg', 50000, 'aktif'),
(213, 'Guess Casual Retro', 'jam tangan', 280, 'pcs', '6350f62ff338132e7349bf3bfc303e2b.jpg', 55000, 'aktif'),
(214, 'Menara jam tangan analog kain kanvas', 'jam tangan', 204, 'pcs', '2388ad1bd52a1b2e2295c340d086461e.jpg', 120000, 'aktif'),
(215, 'Rolex Gold Couple', 'jam tangan', 228, 'pcs', '009aaf7ff66ce78a03376248922b1a65.jpg', 100000, 'aktif'),
(216, 'LED Anti Air Rubber Electronic Fashion Couple Remaja', 'jam tangan', 207, 'pcs', 'ced7bc6b6e0faf461df4a1bc1b48f165.jpg', 55000, 'aktif'),
(217, 'Hush Puppies Big', 'Jam Tangan', 162, 'pcs', '1f827b8dfe019dbf66ac870c53739a3c.jpg', 55000, 'aktif'),
(218, 'Quartz Water Resisst', 'Jam Tangan', 145, 'pcs', 'd16654c793c78c362d2f8d8f800093e8.jpg', 55000, 'aktif'),
(219, 'Anak Rubber Timbul', 'Jam Tangan', 128, 'pcs', '5350bbfc9d30294601c9c67d356d841b.jpg', 40000, 'aktif');

--
-- Indexes for dumped tables
--

--
-- Indeks untuk tabel `customer`
--
ALTER TABLE `customer`
  ADD PRIMARY KEY (`idcustomer`);

--
-- Indeks untuk tabel `detail_productkeluar`
--
ALTER TABLE `detail_productkeluar`
  ADD PRIMARY KEY (`iddetail`),
  ADD KEY `fk_idkeluar` (`idkeluar`);

--
-- Indeks untuk tabel `login`
--
ALTER TABLE `login`
  ADD PRIMARY KEY (`iduser`);

--
-- Indeks untuk tabel `productkeluar`
--
ALTER TABLE `productkeluar`
  ADD PRIMARY KEY (`idkeluar`),
  ADD KEY `fk_idcustomer` (`idcustomer`);

--
-- Indeks untuk tabel `productmasuk`
--
ALTER TABLE `productmasuk`
  ADD PRIMARY KEY (`idmasuk`),
  ADD KEY `fk_idproduct` (`idproduct`);

--
-- Indeks untuk tabel `returjual`
--
ALTER TABLE `returjual`
  ADD PRIMARY KEY (`idreturj`),
  ADD KEY `fk_idc` (`idcustomer`),
  ADD KEY `fk_idreturj` (`idproduct`);

--
-- Indeks untuk tabel `returkembali`
--
ALTER TABLE `returkembali`
  ADD PRIMARY KEY (`idreturk`),
  ADD KEY `fk_idreturk` (`idproduct`);

--
-- Indeks untuk tabel `stock`
--
ALTER TABLE `stock`
  ADD PRIMARY KEY (`idproduct`);

--
-- AUTO_INCREMENT untuk tabel yang dibuang
--

--
-- AUTO_INCREMENT untuk tabel `customer`
--
ALTER TABLE `customer`
  MODIFY `idcustomer` int(11) NOT NULL AUTO_INCREMENT, AUTO_INCREMENT=51;

--
-- AUTO_INCREMENT untuk tabel `detail_productkeluar`
--
ALTER TABLE `detail_productkeluar`
  MODIFY `iddetail` int(11) NOT NULL AUTO_INCREMENT, AUTO_INCREMENT=439;

--
-- AUTO_INCREMENT untuk tabel `login`
--
ALTER TABLE `login`
  MODIFY `iduser` int(11) NOT NULL AUTO_INCREMENT, AUTO_INCREMENT=2;

--
-- AUTO_INCREMENT untuk tabel `productkeluar`
--
ALTER TABLE `productkeluar`
  MODIFY `idkeluar` int(11) NOT NULL AUTO_INCREMENT, AUTO_INCREMENT=81;

--
-- AUTO_INCREMENT untuk tabel `productmasuk`
--
ALTER TABLE `productmasuk`
  MODIFY `idmasuk` int(11) NOT NULL AUTO_INCREMENT, AUTO_INCREMENT=739;

--
-- AUTO_INCREMENT untuk tabel `returjual`
--
ALTER TABLE `returjual`
  MODIFY `idreturj` int(11) NOT NULL AUTO_INCREMENT, AUTO_INCREMENT=40;

--
-- AUTO_INCREMENT untuk tabel `returkembali`
--
ALTER TABLE `returkembali`
  MODIFY `idreturk` int(11) NOT NULL AUTO_INCREMENT, AUTO_INCREMENT=34;

--
-- AUTO_INCREMENT untuk tabel `stock`
--
ALTER TABLE `stock`
  MODIFY `idproduct` int(11) NOT NULL AUTO_INCREMENT, AUTO_INCREMENT=220;

--
-- Ketidakleluasaan untuk tabel pelimpahan (Dumped Tables)
--

--
-- Ketidakleluasaan untuk tabel `detail_productkeluar`
--
ALTER TABLE `detail_productkeluar`
  ADD CONSTRAINT `fk_idkeluar` FOREIGN KEY (`idkeluar`) REFERENCES `productkeluar` (`idkeluar`);

--
-- Ketidakleluasaan untuk tabel `productkeluar`
--
ALTER TABLE `productkeluar`
  ADD CONSTRAINT `fk_idcustomer` FOREIGN KEY (`idcustomer`) REFERENCES `customer` (`idcustomer`);

--
-- Ketidakleluasaan untuk tabel `productmasuk`
--
ALTER TABLE `productmasuk`
  ADD CONSTRAINT `fk_idproduct` FOREIGN KEY (`idproduct`) REFERENCES `stock` (`idproduct`) ON DELETE CASCADE;

--
-- Ketidakleluasaan untuk tabel `returjual`
--
ALTER TABLE `returjual`
  ADD CONSTRAINT `fk_idc` FOREIGN KEY (`idcustomer`) REFERENCES `customer` (`idcustomer`);

--
-- Ketidakleluasaan untuk tabel `returkembali`
--
ALTER TABLE `returkembali`
  ADD CONSTRAINT `fk_idreturk` FOREIGN KEY (`idproduct`) REFERENCES `stock` (`idproduct`);
COMMIT;

/*!40101 SET CHARACTER_SET_CLIENT=@OLD_CHARACTER_SET_CLIENT */;
/*!40101 SET CHARACTER_SET_RESULTS=@OLD_CHARACTER_SET_RESULTS */;
/*!40101 SET COLLATION_CONNECTION=@OLD_COLLATION_CONNECTION */;
